subreddit,link,date_time,original_text,engagement_signal,geo_hint,product_hint,stage,primary_breakdown_point,root_cause,emotion,emotion_severity,summary_insight,actionability_score_5,fixability_score_5,evidence_strength
personalfinanceindia,https://reddit.com/r/personalfinanceindia/comments/1tarkcg/icici_lombard_denied_partial_claim/,2026-05-12 10:33:16,"ICICI Lombard denied partial claim
My mother went through a surgery and we claimed a cashless facility. Now we incurred certain expenses post hospitalisation and ICICI Lombard has denied a partial claim of 20- 25k INR. Can someone pls assist as to what I can do here. Sharing timelines and details below.

\\- Claimed 80K (I have 20% Co-pay so expected 64K refund). ICICI eventually paid only 42K.

\\- Out of disallowed expense, they deducted 21K for physiotherapy stating ""pls share cost wise breakup"".. I've already submitted Dr's prescription and invoice for this 21K (availing physiotherapy is covered in the policy).

\\- I've also raised a query with the support but they closed the query stating the same reason. They're not even stating the query and closing the ticket directly without any resolution.

Is there anything that I can do here. The support team seems to be of no help altogether.",1,unknown,health,Claims Experience,Claims Processing,Process / Documentation Friction,Resignation,Medium,"ICICI Lombard denied a partial claim of 20-25k INR for physiotherapy expenses post-surgery, stating a need for a cost-wise breakup despite providing a prescription and invoice. Support queries were closed without resolution.",3,3,Medium
Insurance,https://reddit.com/r/Insurance/comments/1t9x3ue/need_advice_icici_lombard_cashless_claim_issue/,2026-05-11 13:57:15,"Need advice – ICICI Lombard cashless claim issue (Car insurence)
My car met with an accident and water submersion in July 2025. I gave it to ICICI Lombard network garage under a cashless claim.

Now more than 9 months have passed and the car is still not repaired properly.

Since my car is more than 10 years old, they asked me to pay around 50% of a repair bill of nearly 1 lakh. Later another bill of around 77k was raised for the same accident. I already paid a large amount from my pocket even though it was a cashless claim.

Insurance company rejected important parts like switch, ECM, steering assembly, silencer, odometer, engine oil, labour charges etc. saying “not covered” or “non-correlation”.

But they never shared:

* exact policy clauses,
* proper technical reason,
* or survey report.

My question is:

If these important parts and ECM are not covered, then how is the vehicle supposed to become usable again after water damage?

Worst part:

* claim marked closed even though car is not usable,
* engine and electrical issues still there,
* poor repair quality  the garage called me multiple times for vehicle delivery but the car still had issues and the engine stopped working, self start not working.
* mostly template replies from support and IRDAI complaint process.

Now thinking about Consumer Court.

Has anyone faced something similar with ICICI Lombard?

Is this a common practice among insurance companies like ICICI Lombard?

Any advice?",0,unknown,motor,Claims Experience,Claims Processing,Process / Documentation Friction,Anger,High,"A car insurance claim with ICICI Lombard has been ongoing for over 9 months after an accident and water submersion. The insurer rejected key parts (switch, ECM, steering assembly, etc.) as 'not covered' or 'non-correlation' without providing policy clauses, technical reasons, or survey reports, despite the car remaining unrepaired and unusable. The claim was marked closed, and support provided template replies.",4,2,Medium
indiahealthinsurance,https://reddit.com/r/indiahealthinsurance/comments/1t76jj0/helpadvice_needed_on_health_insurance_policy/,2026-05-08 18:01:18,"Help/Advice Needed on Health Insurance Policy
Hi,  
I am 26 year old female. No existing conditions.  
A past injury to the head as a kid (at 1.5 years of age) that caused unconsciousness (termed epilepsy by the doctors) This was cured and ever since I haven't faced any issues.

So l had taken a health insurance policy via Policybazaar. This was ICICI Lombard Elevate policy and I disclosed this condition. They asked me to share the Brain MRI reports which came back as normal. But they have 'permanently excluded epilepsy and it's complications'

What do I do? Should I accept this counteroffer or are there any other good options?

BTW I paid 43k for 5 years, for a 20-Lakh cover/year",3,unknown,health,Onboarding & Policy Understanding,Policy Underwriting,Misrepresentation / Incomplete Explanation,Betrayal,Medium,"After disclosing a past head injury (epilepsy) and providing MRI reports, ICICI Lombard permanently excluded epilepsy and its complications from the Elevate health policy, despite the condition being cured.",3,2,Medium
InsuranceTroubleIndia,https://reddit.com/r/InsuranceTroubleIndia/comments/1t73h26/insurance_claim_deductible/,2026-05-08 15:32:17,"Insurance Claim Deductible
Need some advice regarding my Royal Enfield Classic 350 insurance claim.

I have ICICI Lombard insurance with Nil Dep (Zero Dep) add-on. My bike met with an accident and total repair bill came around ₹67k, but insurance approved only ₹51,102 and workshop is asking me to pay ₹16,755.

Major replaced parts include frame, front wheel, exhaust, fork parts etc.

Surveyor is saying the extra amount is because of consumables and salvage deductions.

I want to understand:  
\- Is this normal even with Zero Dep?  
\- Can consumables and salvage make such a big difference?  
\- Has anyone faced similar high payable amount in cashless claims?

I have asked insurer/workshop for detailed deduction breakup.

Would appreciate suggestions from people who have experience with RE or ICICI Lombard claims.",1,unknown,motor,Claims Experience,Claims Settlement,Process / Documentation Friction,Confusion,Medium,"A Royal Enfield Classic 350 insurance claim with ICICI Lombard and Zero Dep add-on resulted in the workshop asking the user to pay ₹16,755 out of a ₹67k repair bill, attributed by the surveyor to consumables and salvage deductions, which the user questions.",3,3,Medium
Himalayan450,https://reddit.com/r/Himalayan450/comments/1t5ftfb/need_urgent_help/,2026-05-06 20:43:35,"NEED URGENT HELP!
In February I met with an accident and my tank was damaged. ICICI LOMBARD insurance people told me sir it’s a dent and paint work only, we can fix it. We can’t cover replacement at all. 

I agreed for that. It’s not been 3 months fully the paint is coming back from the tank, just above the engine. 

Don’t know what should I do? 

PLEASE HELP",2,unknown,unknown,Claims Experience,Claims Processing,Process / Documentation Friction,Confusion,Medium,"Customer had an accident where their tank was damaged. ICICI Lombard agreed to repair it as dent and paint work only, not replacement. After less than 3 months, the paint started coming off.",2,2,Medium
indiahealthinsurance,https://reddit.com/r/indiahealthinsurance/comments/1t552cu/ped/,2026-05-06 12:13:59,"Ped
I was diagnosed with coronary artery disease got admitted paid and applied for reimbursement. 

I had seizures disclosed as a ped in 25 26 and renewed it in 26 27

icici lombard blundeeed in not carrying on the same disclosure in 26 27.

when I made a claim in 26 27 for cad they rejected it on the grounds I had not dislosed seizure on 26 27 which they bludered in not carrying it forward

both dieseases are not relevant to each other. 

again mistake is thieirs? ",5,unknown,health,Claims Experience,Claims Adjudication,Misrepresentation / Incomplete Explanation,Anger,High,"Customer was diagnosed with coronary artery disease and admitted, then applied for reimbursement. They had seizures disclosed as a pre-existing condition (PED) in previous policy years, but ICICI Lombard failed to carry forward this disclosure in the current policy year. When the customer claimed for CAD, ICICI Lombard rejected it, citing the non-disclosure of seizures in the current policy, despite the two conditions being unrelated.",3,2,Medium
LegalAdviceIndia,https://reddit.com/r/LegalAdviceIndia/comments/1t499g2/travel_insurance_claim_partially_rejected_has/,2026-05-05 13:53:44,"Travel insurance claim partially rejected. Has anyone faced this?
Hey everyone, looking for some advice or similar experiences.

I had taken an international travel insurance policy (ICICI Lombard TripSecure+) for a trip with my wife. We were both insured under the same policy and had a joint itinerary (flights + hotel).

Unfortunately, my grandmother passed away just before the trip, so we had to cancel everything.

Now here’s where it gets confusing:

* The insurer **accepted my claim** (they considered my grandmother as my “immediate family member”)
* But they **rejected my wife’s claim**, saying that my grandmother is *not her* immediate family member
* So they basically paid **only half the hotel cost** and denied the rest including the flight cancellation as well

Their logic is that as per the policy, my grandmother is not the immediate family member of my wife.

My concern is:

* This was a **single event** affecting the same trip
* The cancellation wasn’t independent—obviously my wife wasn’t going to travel alone in that situation
* The policy doesn’t clearly explain how this works for co-insured spouses

I’ve already tried pushing back, but they’re sticking to their interpretation. 

So I wanted to know:

* Has anyone faced something similar situation with travel insurance?
* Any success in getting such decisions reversed?
* Is this a common industry practice or something worth fighting?
* What should be my next steps?

Would really appreciate any insights or experiences. Thanks!",3,unknown,travel,Claims Experience,Claims Adjudication,Misrepresentation / Incomplete Explanation,Confusion,Medium,"Customer's grandmother passed away, leading to cancellation of an international trip. ICICI Lombard accepted the customer's claim for hotel costs (considering grandmother as immediate family) but rejected the wife's claim for the same hotel costs and flight cancellation, stating the grandmother was not the wife's immediate family member, despite both being insured under the same policy for a joint itinerary.",3,2,Medium
ICICILombard,https://reddit.com/r/ICICILombard/comments/1t3r92i/icici_lombard_denying_claim_saying_running/,2026-05-05 00:33:36,"ICICI Lombard denying claim saying “running condition damage”
Hi everyone,

I need some advice. My new Kia vehicle’s urea system lower wiring/connector got damaged. From the photos and physical marks, it clearly looks like an animal/rodent/dog bite while the vehicle was parked.

I raised a claim with ICICI Lombard, but they are saying it happened in running condition. They have now asked for DTC log history and Kia service engineer report. I am getting the DTC screenshot and a technical observation report from Kia service center.

Has anyone faced a similar issue with ICICI Lombard or any motor insurance company? What should I do next if they still deny the claim? Should I escalate to grievance, IRDAI, or consumer forum?

Any suggestions will help. Thanks.",1,unknown,motor,Claims Experience,Claims Adjudication,Process / Documentation Friction,Anger,Medium,"Customer's new vehicle's urea system wiring was damaged, appearing to be animal bite. ICICI Lombard denied the claim, stating it occurred during running condition and requested DTC logs and a Kia service engineer report.",3,2,Medium
Insurance,https://reddit.com/r/Insurance/comments/1t3qzwo/icici_lombard_denying_claim_saying_running/,2026-05-05 00:24:58,"ICICI Lombard denying claim saying “running condition damage” but Kia says animal bite
Hi everyone,

I need some advice. My new Kia vehicle’s urea system lower wiring/connector got damaged. From the photos and physical marks, it clearly looks like an animal/rodent/dog bite while the vehicle was parked.

I raised a claim with ICICI Lombard, but they are saying it happened in running condition. They have now asked for DTC log history and Kia service engineer report. I am getting the DTC screenshot and a technical observation report from Kia service center.

Has anyone faced a similar issue with ICICI Lombard or any motor insurance company? What should I do next if they still deny the claim? Should I escalate to grievance, IRDAI, or consumer forum?

Any suggestions will help. Thanks.",0,unknown,motor,Claims Experience,Claims Adjudication,Process / Documentation Friction,Anger,Medium,"Customer's new vehicle's urea system wiring was damaged, appearing to be animal bite. ICICI Lombard denied the claim, stating it occurred during running condition and requested DTC logs and a Kia service engineer report.",3,2,Medium
LegalAdviceIndia,https://reddit.com/r/LegalAdviceIndia/comments/1t3guol/can_commercial_court_grant_stay_on_property/,2026-05-04 18:23:52,"Can Commercial court grant stay on Property?
This person, Mr. A, took a loan from AU Bank, then he again secured the loan via ICICI Lombard, and then he got diagnosed with cancer after 82 days of the policy. And he died after 8 months.

Now ICICI rejected the claim because he got diagnosed with cancer within 90 days, around 1 week before its 90-day period, but they already deducted the premium. Beforehand, and they didn't do any kind of medical on Mr. A before giving him a policy.

But Mr. A has his army medical fitness certificate, which shows he is healthy with no major problems. The army medical is new, as he got retired.

Now ICICI rejected the claim, saying the CT scan was within its 90-day policy.

Au Bank has property against the loan now. I want to take a stay before they attach the property.

I have been researching this for quite a while and have come to an end and am unable to find any case laws that will support my claim in the commercial court.

I am avoiding DRT as it needs a value % of the property, and the matter is not in that step yet to apply in DRT. I would like to avoid DRT if it's possible. Can anyone here help in this matter?",2,unknown,life,Claims Experience,Claims Adjudication,Misrepresentation / Incomplete Explanation,Anger,High,"A person took a loan secured by ICICI Lombard insurance, was diagnosed with cancer within 90 days of policy issuance (but before the 90-day period ended), and died 8 months later. ICICI Lombard rejected the claim due to the diagnosis falling within the 90-day period, despite having deducted premiums and not conducting a medical examination prior to policy issuance. The deceased had a recent army medical fitness certificate showing he was healthy.",3,2,Medium
personalfinanceindia,https://reddit.com/r/personalfinanceindia/comments/1t0o9ob/hi_i_need_some_insurance_advice_i_recently_got_a/,2026-05-01 14:46:44,"Hi. i need some insurance advice. I recently got a surgery done. I am raising a claim through Plum. My provider is ICICI Lombard. One of my reports has a spelling mistake of my name . There are spelling mistakes in both my first name and last name . Will this raise an issue?
There are no other issues in discharge summary, bills or other reports . 

This report is the only report where this mistake was made . Additionally the diagnostic lab is saying since the report is old, they cannot change the document now.

i am really worried that my claim might get rejected",1,unknown,health,Claims Experience,Claims Processing,Process / Documentation Friction,Confusion,Medium,"Customer is raising a health insurance claim through Plum with ICICI Lombard as the provider. One report has spelling mistakes in both the first and last name. The diagnostic lab states they cannot change the old document, and the customer is worried about claim rejection.",3,3,Medium
InsuranceTroubleIndia,https://reddit.com/r/InsuranceTroubleIndia/comments/1syut2a/my_insurance_claim_is_rejected_unfairly_by_icici/,2026-04-29 15:55:48,"My insurance claim is rejected unfairly by ICICI Lombard
My father had a fall on 23-02-2026, he suffered fracture and was operated. 

They rejected the claim saying patient had pre existing decease which was not disclosed at the time of policy issue which is completely false.

My father was diagnosed with hypertension after policy issue for which we also provided the original prescription letter from doctor.

Secondly they said that patient had pain and swelling in right groin and was unable to walk from 23-02-2024, which is very funny because he had that after the fall on the same day 23-02-2026. I don't know how they can read from doctors progress report 26 as 24?

We raised this issue as well provided the letter from.treating doctor itself.even after providing all this info they rejected my claim. 

Funnily enough they read the date themselves wrong and rejected and rejection because of BP which is nowhere related to the fall. 

What should be done in this case?",27,unknown,health,Claims Experience,Claim Rejection,Misrepresentation / Incomplete Explanation,Anger,High,"Event: Father had a fall and fracture requiring surgery. Process: Filed a health insurance claim with ICICI Lombard. Outcome: Claim rejected due to alleged pre-existing disease (hypertension) which was diagnosed after policy issue, and misinterpretation of dates in medical reports.",4,3,Medium
Indianlaw,https://reddit.com/r/Indianlaw/comments/1sxyued/health_insurance_claim_rejected_unfairly_icici/,2026-04-28 17:08:31,"Health insurance claim rejected unfairly (ICICI Lombard) – Need advice
Hi everyone,

I’m facing an issue with ICICI Lombard regarding my health insurance claim.

My mother was hospitalized due to typhoid, and I submitted all documents properly. However, the claim was rejected stating “high BP” as the reason.

The issue is:

BP condition was diagnosed after the policy was taken

The hospitalization was for typhoid, which is completely unrelated

This feels like an unfair rejection.

I’ve already tried contacting them but no proper resolution yet.

What should I do next?

Should I file a complaint with IRDAI?

Go to consumer court?

Any similar experiences or suggestions?

Any help would be really appreciated 🙏",2,unknown,health,Claims Experience,Claim Rejection,Misrepresentation / Incomplete Explanation,Anger,High,"Event: Mother was hospitalized due to typhoid. Process: Submitted a health insurance claim to ICICI Lombard. Outcome: Claim rejected due to 'high BP', which was diagnosed after the policy was taken and unrelated to the hospitalization for typhoid.",4,3,Medium
CarsIndia,https://reddit.com/r/CarsIndia/comments/1sw2daf/icici_lombard_insurance_getting_seriously_delayed/,2026-04-26 14:26:35,"Icici Lombard Insurance Getting seriously delayed and non responsive
My car met with an accident at the end of December, and it was a completely open-and-shut case. Some drunk kids came into my lane from the opposite side and took my car out. Vehicle was later declared a total loss.

We submitted everything immediately:

\- FIR

\- MLC records

\- Medical bills

\- Dashcam footage

\- CCTV footage from nearby houses

\- Even House footage that I was the one who left with the car.

The Vehicle kept at the showroom suggested by the insurance surveyor (not even our regular dealer)

Now it’s April, and the claim is still unresolved.

The insurance guy barely responds, doesn’t pick calls, and gives vague answers on messages. Last update was that no dealers were giving scrapping quotes, so we were told to cancel the RC.

To cancel the RC, we asked for a letter from insurance confirming total loss status. Since then? Silence again.

We also had Return to Invoice cover in the policy. Whenever we ask for the settlement amount, the only reply is “my supervisor will talk to you.” 

Plot twist: the supervisor seems to have forgotten how to pickup calls.

This has become hell and any help is much appreciated. ",1,unknown,car,Claims Experience,Claim Delay,Process / Documentation Friction,Anger,High,"Event: Car met with an accident and was declared a total loss. Process: Filed a claim with ICICI Lombard, providing all necessary documents including FIR, medical records, footage, and CCTV evidence. Outcome: Claim is significantly delayed (months later) with non-responsive insurer, lack of scrapping quotes, and refusal to provide settlement amount despite having Return to Invoice cover.",4,2,Medium
LegalAdviceIndia,https://reddit.com/r/LegalAdviceIndia/comments/1sthoph/insurance_claim_denied_due_to_name_mismatch/,2026-04-23 18:13:41,"Insurance claim denied due to name mismatch (business vs individual) – what are my options?
Hi everyone,

I recently met with an accident on my motorcycle and I’m now facing an issue with my insurance claim.

Here are the details:

The motorcycle is **registered in my business name** (sole proprietorship).

My **mother is the sole proprietor** of the business.

However, the **own damage (first-party) insurance policy is in my personal name** issued by ICICI Lombard General Insurance.

I also have a **valid 5-year third-party policy** (till Dec 2026), issued in the **business name**, also by ICICI Lombard General Insurance.

At the time of purchase, I bought the 5-year third-party policy from the dealership, and since then I’ve been renewing/paying the own damage premium through the dealership itself. I didn’t realize there would be a name mismatch issue.

I kept only the third-party policy copy in the bike (mainly to avoid traffic challans), and now after the accident, the insurer is **denying my claim citing mismatch between vehicle ownership (business) and policyholder name (individual).**

**My questions:**

Is this denial legally valid in India for a sole proprietorship setup?

Does the fact that I’ve been continuously paying premiums through the dealership help my case?

Can I challenge this through IRDAI or consumer court?

What would be the best next step—legal notice, ombudsman, or something else?

Any guidance would be really helpful. Thanks in advance",1,unknown,unknown,Claims Experience,Process / Documentation Friction,Process / Documentation Friction,Anger,High,"Event: Motorcycle accident. Process: Filed an own damage claim with ICICI Lombard. Outcome: Claim denied due to a mismatch between the business name on the vehicle registration and the individual name on the policy, despite both policies being with ICICI Lombard.",4,2,Medium
CarsIndia,https://reddit.com/r/CarsIndia/comments/1st658e/wheel_alignment_covered_in_insurance/,2026-04-23 08:08:08,"Wheel alignment covered in insurance?
My car ( tata punch ) recently got into an accident and now the claim is under processing but one thing that has been bugging me is that the tata workshop guy told me you would have to pay 2100₹ approx for wheel alignment and balancing since that is not covered under insurance but as per my understanding if it is a requirement of an accidental repair it should ideally be covered under insurance. I have tried contacting my insurance provider ( icici lombard ) regarding this query and the customer rep gave me the number of the claim surveyor and told me they would be able to answer your query. I have also written them a mail regarding this query. I have also read the policy wordings of private car od  policy and couldn’t find any such exclusion. It would be really helpful for me if someone can help me in this. ",53,unknown,unknown,Claims Experience,Process / Documentation Friction,Process / Documentation Friction,Confusion,Medium,"Event: Car accident. Process: Claim is under processing with ICICI Lombard. Outcome: The workshop stated wheel alignment and balancing costs are not covered by insurance, and the customer is seeking clarification from ICICI Lombard after reading policy wordings.",3,3,Medium
indiahealthinsurance,https://reddit.com/r/indiahealthinsurance/comments/1sry6tu/ped_added_wrongfully/,2026-04-22 01:03:16,"PED Added Wrongfully
Hi,

I recently purchased the ICICI Lombard Elevate health insurance policy for my mother and a PED was incorrectly associated with it.

Context - My mother had a hypertension scare a year back, where her BP was diagnosed as 164/90 by the doctor. However, the doctor mentioned that this might have happened because of visiting the large hospital and seeing the environment there.

She was prescribed BP meds by the doctor.

After just a couple of weeks, she visited the doctor again and her BP came normal (124/80).

She has been off meds since then. Touch wood, she hasn't had high BP issues as well.

Now coming to the policy - We figured that this should be disclosed to ICICI to ensure that we don't face any claim issues in the future. 

I explained this context to Policy Bazaar, and ICICI blindly added this as a PED without a Tele-MER or tests.

I have emailed ICICI directly regarding this issue, and reiterated the entire context, while giving them an option of conducting any tests they would like.

However, it's been a couple of weeks and I haven't heard back from them yet (have followed up as well).

Also, because of this delay, my free-look period has ended as well.

Kindly guide on how to take this ahead.",1,unknown,health,Servicing & Policy Admin,Onboarding & Policy Understanding,Misrepresentation / Incomplete Explanation,Confusion,Medium,"Customer purchased ICICI Lombard Elevate health insurance policy for mother, and a Pre-Existing Disease (PED) was incorrectly associated with it. Customer explained the context to Policy Bazaar, and ICICI Lombard added the PED without proper tele-MER or tests. Customer emailed ICICI Lombard directly regarding this issue and offered to conduct tests, but has not heard back after a couple of weeks, leading to the free-look period ending.",3,3,Medium
CarsIndia,https://reddit.com/r/CarsIndia/comments/1shop45/update_icici_lombard_completely_rejected/,2026-04-10 20:19:08,"[Update] ICICI Lombard completely rejected Insurance Ombudsmen award and closed the motor claim for my Tata Nexon
**Tldr from Prev Posts:**

My 1 year old Tata Nexon was completely flooded in my apartment basement 4 months ago. While all the car got declared total loss in my building, **ICICI Lombard and Tata Motors** refused to push for a total loss in my case, even though the repair estimates were more than 75% of the IDV. **ICICI Lombard surveyor removed costly engine components (like the turbocharger and catalytic converter) from the estimate to artificially reduce the claim amount without any technical justification.** I had rejected this unsafe repair plan and escalated it to the IRDAI Ombudsman. Tata Motors gave me a tough time throughout the entire timeline, and sent me threatening emails when I denied paying parking charges and posting about it on Socials.

**Previous Post links added in comments. Else please check my profile.**

Honestly I just don’t know as I have lost motivation and exhausted after fighting for 6 months to even draft a post now. Gonna prompt gemini to do it on my behalf. I just don’t see the point anymore.

**Current Update:**

After waiting almost 5 months, I finally got my case hearing scheduled on March 12th at the Ombudsman Office. I had to travel 300KM and take a leave from my work just for hearing. Case hearing at the Ombudsman office was pretty much tensed, and the office staff wasn’t helpful either. Not sure where he lost all my previously sent annexures for the case. Ombudsman was pretty strict and was asking email proof for every word that I was saying, which I had but it was pretty tough to reference it from 80-90 email transactions as the hearing is super short max 20-25 mins. He seemed neutral during the hearing for sure. Maybe I can create separate post just to cover ombudsman hearing but I will leave it here as this will get really long

**Ombudsman Office issued an Award on March 13th in my favour. They directed ICICI Lombard to reassess the loss on the basis of the authorized workshop's initial estimate of ₹6,94,672. Since my IDV is ₹9,00,000, this clearly crosses the 75% Total Loss threshold. They were legally bound to settle the claim within 30 days. I have also attached ombudsman’s award.**

But These guys from ICICI Lombard are absolute corporate thugs. For almost 3 weeks there was complete silence, no communication was exchanged from anyone at ICICI Lombard. 

Then suddenly on March 30th, I receive a call from Claims Manager asking for cancelled cheque to settle the claim as per court Order. I sent it but asked for the exact settlement amount and how they will settle pending dues at dealership.

Ghosted for a week. **Then, their Legal Manager emailed me saying the claim would be settled based on the** ***initial rejected survey report from October 19th***\*\*. They calculated the final amount to around ₹3.50 Lakhs (excluding GST since a final invoice wasn't generated).\*\*

What an absolute mockery of the Ombudsman's award. I replied on Wednesday asking where the mandated reassessment report for the ₹6.95 Lakhs was. Silence for 2 days in return.

**Updates from today:**

* Today morning I saw the claim was marked closed as per ICICI Lombard’s app.
* I called Claims manager but he didn’t pick the call. I had not received any reply or my previous email sent to their legal manager.
* Suddenly I receive 3 lakhs in my bank account from ICICI Lombard. Again I call back to the claims manager and he cuts my call.
* I sent an email again ccing Ombudsman office and their legal team on what basis this partial payment of 3 lakhs was done.
* Evening at 6, I receive a reply from ICICI Lombard’s legal manager that a \*surprise\* \*surprise\* reassessment was already done on 9th April yesterday(after I had sent an email on Wednesday asking where is the reassessment copy as they had sent survey report from 19 th October as the basis for settlement). Full and Final settlement has been done according to them.
* I was shocked tbh as the survey was supposed to be done in front of me and I was sure it’s not done and they have generated an exact copy by just replacing surveyor name for ombudsman formality.
* Another shocker I call Tata motors dealership if a survey was done or not and they say yes(even though I had explicitly specified to call me whenever a surveyor comes to assess my vehicle).

The claim has been closed after fighting  tooth and nail for 6 months. All that struggle with public transport and travelling on my bike resulted into nothing. I’m back to square one as I know the vehicle won’t be repaired in this 3 lakhs that they have sent and on top of that Dealership has already billed 30k as parking charges.

IRDAI is the dumbest regulatory board from what I have seen. They are just clueless. As per rules Insurance company should have been fined 5k per day for not accepting Ombudsman award. But here we are no one knows who is supposed to make the Insurance company accept the award and settle it. Rules are drafted but no one is there to enforce it.

Can anyone help in proceeding further legally or has experience with consumer court process?",479,unknown,motor,Claims Experience,Claims Processing,Misrepresentation / Incomplete Explanation,Anger,High,"Event: Car flooded and declared total loss. Process: ICICI Lombard and Tata Motors refused total loss, surveyor removed components from estimate, Ombudsman ruled in favor of customer directing ICICI Lombard to reassess. Outcome: ICICI Lombard rejected Ombudsman award, settled for a lower amount based on an initial rejected survey report, and closed the claim without proper reassessment or communication, leaving the customer with insufficient funds for repair.",4,2,Medium
HondaCB350RS,https://reddit.com/r/HondaCB350RS/comments/1sero1s/regarding_insurance_claim/,2026-04-07 15:33:24,"Regarding insurance claim
I have recently got into a accident on my not even 1 month old RS and got a quote from service center for parts that need to be replaced .. I have taken ICICI lombard silver ( zero dep) insurance for my bike. 

The surveyor inspected the bike and only insured the things that are in green.. and rejected the things in red . Can I argue to cover other things well since its a zero dep insurance ?? ",17,unknown,motor,Claims Experience,Claims Processing,Misrepresentation / Incomplete Explanation,Confusion,Medium,"Event: Accident with a new bike. Process: Surveyor inspected the bike and only approved certain parts for insurance coverage, rejecting others. Outcome: Customer is questioning if they can argue for the rejected items to be covered under their zero-dep insurance policy.",3,3,Medium
swift,https://reddit.com/r/swift/comments/1sd6qc6/making_a_morning_brief_app/,2026-04-05 21:07:49,"Making a morning brief app
https://preview.redd.it/m6h0517n5etg1.png?width=1206&amp;format=png&amp;auto=webp&amp;s=c6597ec174e4d2a2d3cdfcf48f0a66eb55a534a9

Building a morning brief sort of an app (still an idea/WIP - NOT A PROMOTION 😅) that will connect to your integrations like email/calendar/slack etc to surface high signal items to take action on. Is this something you would use? Would love to hear feedback! :D

Posting this as a way to get more feedback on what I'm building :D - Purely native, built using Swift/SwiftUI - employing liquid glass and other modern APIs. The idea is to integrate features like AppIntents, Widgets etc to make it truly immersive. wdyt!

[](https://www.reddit.com/submit/?source_id=t3_1sd6m36&amp;composer_entry=crosspost_prompt)

",0,unknown,unknown,Claims Experience,Claims Experience,Misrepresentation / Incomplete Explanation,Anger,High,"Customer filed a claim with ICICI Lombard after an accident, but the claim was fully rejected because they had a learner's license without the required 'L' sign or supervising rider, despite the accident not being caused by the license issue. The customer is seeking options as they cannot afford the repair costs.",3,2,Medium
HondaCB350RS,https://reddit.com/r/HondaCB350RS/comments/1sd0qig/met_with_accident_and_need_help_with_insurance/,2026-04-05 16:30:13,"Met with accident and need help with insurance
Met with an accident (self fall) on my 1 month old honda 350rs .Luckily no major injuries happened to me but my bike left half of OEM engine guard broke and I had it removed at a local shop .Got scratches on the back of mirrors , clutch and brake levers bent and few scratches on silencer as well. Engine guard hugged the engine after the impact and the steel plate got a little dent and few scratches. I am also having chain sound while clutch is engaged and while riding and the repair guy told it might be sprocket..

I took ICICI Lombard with zero dep(silver) while buying .. just wanted to know what all can I claim under this insurance.

Any help is appreciated!",10,unknown,unknown,Claims Experience,Claims Experience,Misrepresentation / Incomplete Explanation,Confusion,High,"Customer had an accident and filed a claim with ICICI Lombard. The dealership recommended tank replacement, but the ICICI Lombard claim manager stated only fixing the dent and repainting is needed, and this will not be done at the authorized service center. The customer is questioning the legitimacy and safety of this approach.",3,3,Medium
InsuranceTroubleIndia,https://reddit.com/r/InsuranceTroubleIndia/comments/1sbbs50/icici_lombard_rejected_bike_claim_because_i_had_a/,2026-04-03 17:38:06,"ICICI lombard rejected bike claim because I had a learner's license. What are my options?
Hello. I need some advice because I'm kinda stuck. 

I got into an accident a few days ago on my Royal Enfield Meteor 350. A car suddenly came in front of me and I couldn’t avoid it. People at the scene said it was the car driver’s fault. I had minor injuries and the bike took most of the hit.

I filed an insurance claim with ICICI Lombard (zero dep policy), got the bike to an authorized service center, and they made an estimate of around ₹89k.

Now here’s the problem:  
I had a **learner’s licence (issued just a day before)**, and the claim manager is saying the claim will be **fully rejected** because:

\- No “L” sign

\- No supervising rider

I asked for **non-standard settlement**, but he straight up said “It’s either 0 or 100, no partial settlement.”

I’ve now asked him to send the rejection in writing with the specific policy clause.

From what I understand:

\- Policy allows learner’s licence (with conditions)

\- Breach of conditions usually leads to **non-standard settlement (\~60–75%)**, not outright rejection

\- Accident wasn’t caused due to licence issue (car cut me off)

I’m honestly stressed because I can’t afford ₹89k out of pocket.

**Questions:**

1. Can they legally reject the claim completely in this situation?
2. Has anyone here successfully pushed for non-standard settlement in similar cases?
3. Should I escalate directly to grievance/ombudsman or wait for written rejection first?
4. Any tips on dealing with service center so they don’t overcharge if claim gets rejected?

Would really appreciate any advice or similar experiences",1,unknown,unknown,Claims Experience,Claims Experience,Process / Documentation Friction,Resignation,Medium,"Customer had an accident and filed a claim with ICICI Lombard. The insurance transfer process after purchasing a second-hand bike was smooth, taking a week with clear communication and a payment link provided.",4,5,Medium
InsuranceTroubleIndia,https://reddit.com/r/InsuranceTroubleIndia/comments/1s7r5vm/icici_cashless_claim_rejected_for_an_accidental/,2026-03-30 19:21:01,"ICICI Cashless claim rejected for an accidental shoulder injury
Hello,

I bought ICICI Lombard insurance (5 lakh coverage) for my dad on 17th March, 2026 through an insurance agent. He didn't have any pre-existing condition apart from Diabetes which we already declared on the policy.

Now, the unexpected happened 2 days after we bought the policy when my father slipped accidentally while on a construction site visit and sustained a major shoulder injury which would require a surgery (supra and infra tendon tear). We also have the CCTV videos of the whole incident.

I immediately took him to a nearest orthopaedic clinic where the doctor took the X-Ray and asked us to get an MRI scan. We gpt the MRI scan at midnight the same day and went back to the same doctor for the consultation. Based on the MRI report he told us that my dad would need to undergo a shoulder arthroscopic surgery for complete tendon repair. He prescribed some pain killers. 

 

We went to seek an opinion of another Doctor who is a speciallist in the Shoulder joint surgery and he gave us similar opinion but also asked us to wait for 10 days before going for surgery due to inflammation and water build up (bursitis) in the shoulder joint which would cause issues during the surgery. He prescribed anti-inflammation meds and we decided to schedule the surgery today on 30th March.

We decided to go with the Shoulder speciallist for the surgery and filed a Cashless claim to start the pre-approval process. Our claim was rejected within a day as they needed to do deeper investigation which was fair due to the nature of the claim. A person from ICICI came to our home 2 days later where he asked all the details about my dad's health history and also took pictures of all the case files that my dad had from all his previous Doctor's visits. We also provided all the CCTV videos of the incident as a proof. The only thing missing was a justification letter from the first doctor's visit which describes the time, place and nature of the accident alongside recommendation for the surgery. Our insurance agent told us to get it but we didn't have enough time for it before the verification agent came to our home. 

We got an update today on our claim as per the uploaded photo, they are asking for my father to get admitted in the hospital for the surgery and they will come for a verification at the hospital and then approve our claim. Is this normal on such cases? What if they don't approve our claim meanwhile my father is undergoing a surgery? We do not have enough cash to pay upfront for the surgery. 

How should I proceed from here?",32,unknown,health,Claims Experience,Claims Processing,Process / Documentation Friction,Confusion,High,"Event: Father slipped and sustained a shoulder injury requiring surgery shortly after policy purchase. Process: Filed a cashless claim with ICICI Lombard, which was initially rejected pending investigation. An ICICI representative visited home for verification. Outcome: ICICI Lombard is now asking the father to get admitted for surgery and they will verify at the hospital, causing concern about claim approval during surgery and inability to pay upfront.",4,3,Medium
InsuranceTroubleIndia,https://reddit.com/r/InsuranceTroubleIndia/comments/1s5yf97/dad_hid_serious_health_conditions_in_axis_max/,2026-03-28 17:29:30,"Dad hid serious health conditions in Axis Max Life policy - what should we do now?
Hello

My dad took a life insurance policy from Axis Max Life Insurance around mid-2024. I wasn’t aware at the time in fact, when we were at Axis Bank last 2024, I had clearly told the agent and my dad that we don’t need any insurance

But he went ahead and took it anyway, without telling me

Details:

\- Premium: ₹3 lakh per year

\- Paid: 3 years (Approx. ₹9 lakh already paid)

\- Remaining: 2 years (₹6 lakh left)

\- Total payout mentioned: ₹30 lakh

Now the real issue

He **completely lied about his health conditions** while taking the policy.

his health condition:

\- CKD (chronic kidney disease), on dialysis since 2020 (polycystic kidney)

\- 2 stents placed (late 2024)

\- High BP for 20+ years (on medication)

\- Hand fracture surgery (mid-2024)

But in the policy:

\- He marked **NO for everything**

He told me:

\- No medical tests were done

\- Only some questions asked over a call

Also important context:  
He previously took health insurance (ICICI Lombard) the same way (hiding conditions), and it got rejected twice. I had warned him not to do this again, but he didn’t listen (I know, tell me about it)

Now I’m stuck and honestly stressed.

Since we’ve already paid ₹9 lakh:

\- If we go and disclose all health conditions now to the insurer:

1. Will they allow continuation with higher premium / changes?

2. Or will they just cancel the policy outright?

Has anyone faced a similar situation? What actually happened?



Any real experiences or advice would really help  
Thanks in advance



Edit: 
Policy details: Max Life Smart Wealth Plan 
Policy Variant: Lump Sum
Purpose of Insurance: Wealth Accumulation/Investment
Premium Payment Term: 05 Years
Guaranteed Sum Assured on Maturity: Rs.16,50,000
Tag line: a Non - linked Non participating Individual life insurance savings plan
Income payout Frequency: Annual
Policy term: 10
Premium payment term: 5
",1,unknown,life,Onboarding & Policy Understanding,Misrepresentation,Misrepresentation / Incomplete Explanation,Betrayal,High,"Event: User's father purchased a life insurance policy from Axis Max Life Insurance by hiding serious pre-existing health conditions (CKD, dialysis, stents, high BP, fracture). Process: The policy was purchased without medical tests, only through a call, and the user's prior warning about hiding conditions from ICICI Lombard health insurance (which was rejected twice) was ignored. Outcome: The user is now seeking advice on whether disclosing the conditions will lead to policy continuation with higher premiums or outright cancellation, having already paid ₹9 lakh.",3,2,Medium
InsuranceTroubleIndia,https://reddit.com/r/InsuranceTroubleIndia/comments/1s533q1/car_insurance_issue/,2026-03-27 18:17:07,"Car insurance issue
I own a 4-wheeler registered in West Bengal, but I live in Bengaluru. I was recently involved in an accident and wanted to use my OD insurance to cover the damages. My insurance is from ICICI Lombard and they are creating an issue about road tax payment. As per my original RC, my road tax was paid till May 2025. In March 2025, I had gone to an RTO in Bengaluru and paid the road tax to KA Govt valid from March 2025 to March 2040. I have a receipt for this payment from RTO office and also have a copy of the DD I made for the payment. But the insurance company is saying that my road tax payment is not updated on the Parivahan website. As a result my claim processing is getting delayed. Would be grateful for any advice",1,"Bengaluru, India",motor,Claims Experience,Claims Processing,Process / Documentation Friction,Anger,High,"Event: User was involved in a car accident in Bengaluru. Process: Filed an Own Damage (OD) claim with ICICI Lombard for damages. ICICI Lombard is delaying the claim processing due to an issue with road tax payment not being updated on the Parivahan website, despite the user having paid road tax in Bengaluru and possessing the receipt and DD copy. Outcome: The claim processing is getting delayed due to the insurer's requirement for the road tax to be updated on the Parivahan website.",4,3,Medium
pFinTools,https://reddit.com/r/pFinTools/comments/1s3puhx/amsterdam_rejected_my_schengen_visa_so_i_got_a/,2026-03-26 04:10:39,"Amsterdam rejected my Schengen Visa - so I got a refund of my Visa Fee as well as entire cost related to the trip! Complete experience and guide to the ICICI Lombard Trip Secure + Insurance with cover for Trip Cancellation due to VISA Rejection
**Visa Experience** \- In January this year, me and a friend planned an impromptu Europe Trip in March. A Schengen Tourist Visa is prolly one of the toughest Visas in the world (for Indians at least) and the application requires you to prepare an itinerary and accordingly have all tickets and accommodations booked in advance. While there are ways to fake these bookings, it can sometime prove to be the reason for visa denial. Moreover, we didn't want to fake the whole thing first and then actually plan the whole thing again, specially as our travel date was pretty close. So while our accommodations were mostly cancelable but confirmed bookings at Airbnbs, we booked confirmed non-cancelable tickets through and through as the cancelable tickets were at a huge premium. Buying Insurance is also mandatory, and we opted for the ""ICICI Lombard Trip Secure + Insurance with Trip Cancellation due to VISA Rejection cover"" and that proved to be absolutely vital by the end of the saga.

We applied for the Visa around 10th Jan and despite a pretty thorough application, after a month, our visa got denied. It was the the first visa rejection for me and my friend and heart breaking would be an understatement. The reasons - same for both of us despite having very different profile, and totally unjust. Since we got the decision pretty close to our travel date (mostly our own fault) we couldn't find slot for fresh application, and our current trip was almost certain to be canceled.

**Experience with the Insurance** \- We opted for the ICICI Trip Secure+ insurance solely for the add on it offers where they also cover Visa Rejection. In case of visa rejection, they cover visa fees up to USD 100 and they also cover trip related costs up to USD 500. The insurance if fully compliant with the requirements of the visa and for a 14 day trip, with the add on, the premium was only INR 1,883 (Both of us had to buy the plan separately as we are not related).

1. Refund of Visa Fees - To claim the refund of Visa fees, we had to submit a duly filed claims form along with our Visa Appointment Letter, Proof of payment of Visa Fees and the Visa Rejection Letter. This was extremely easy and within a week of submitting the required documents, the claim was processed and we were paid INR equivalent of USD 100 = INR 9,202 (at the time of payment).

Although this insurance does not have any deductible, we had actually paid INR 11,130 for the visa. So we lost a total of \~1900 on the visa fee per person but this can mostly be attributed to the weakening INR in recent times rather than a shortcoming of the insurance.

2. Refund of Trip Related Costs - Under this cover, you can claim up to USD 500 for any loss incurred due to trip cancelation as a result of visa rejection. To be able to claim the cost of any ticket/accommodation, you need to first cancel the item and the insurance will only cover the cost which is non refundable.

Eg - You booked a ticket for 10,000 and upon canceling the same get a refund of 4,000 after the cancelation charges etc. Here the insurance will reimburse you 6,000. In case of non-refundable items, you need to provide the proof that you did not use the ticket and that the ticket is actually non refundable.

Since all of our accommodations were 100% refundable, we only claimed reimbursement of our tickets. We were able to cancel our tickets to and from India (Indigo) and luckily got a surprisingly high amount of refund on one of the tickets. For this, we were required to submit original ticket booking receipt as well and the refund invoice, with the insurance reimbursing the difference.

But the tickets for travel within Europe, were either non-refundable (Ryanair) or refund if any was being given in the form of Vouchers for future use (Flixbus, Wizz Air). For these, we requested the airline/operator for a no-show letter which was unfortunately not enough for ICICI. We also had to provide proof of the airline/operator's cancelation policy and justify that there was no scope of any useful refund.

This claim took longer as gathering the no-show letters took time as they can only be generated post the date of scheduled travel. But finally after about 20 days, both of us got 100% of the claimed amount and this we were able to close this chapter behind us.

**Summarizing Thoughts** \- According to a report, Indians apparently lost 136Cr only in visa fees due to Schengen Visa rejections. I think even estimating the net loss from all these canceled trips would probably be impossible. And the numbers might be even worse for Visa rejections of other major countries like US, UK, Australia etc. It's understandable that such stories alone prevent many many Indians from even daring to plan such a trip.

Given this reality, the ICICI Lombard insurance comes as a boon and an absolute life saver in worst case scenarios. Despite our visa rejection, we only lost 1928 (difference in Visa Refund) + 1883 (Insurance Premium) = INR 3,811 per person.

To understand how significant it is, consider this - a refundable air ticket can cost upto 2x of the regular ticket. Even if you buy some sort of insurance from your travel agent (like MMT etc), first of all those add ons are typically much more expensive than the total premium I paid for the Trip Insurance and when you go to claim the refund, platforms like MMT will neither refund you the convenience fee, nor the insurance premium! Had I gone this route, we might have lost \~5k per person per ticket! You should also consider had our visa not been rejected, all the separate insurance/premium ticket costs would have been added to our trip cost.

BTW, we have objected to the decision of Visa rejection (free process) and although it takes months to be processed, there is a very real possibility that we will get the visa in future without having to pay Visa Fees again, which would more than cover our per person loss of 3,811.

While we always buy travel insurance when traveling abroad, even if it is not mandatory, this was fortunately the first time we had to use it and we couldn't be more satisfied. The claim process could definitely be improved a lot from the insurer's side (like who has offline forms in 2026!), which is why we always buy Acko Travel Insurance, [ICICI](https://www.icicilombard.com/travel-insurance/single-trip-travel-insurance) and [Tata AIG](https://www.tataaig.com/travel-insurance/travel-insurance-schengen) are the only insurers that cover trip cancelation due to Schengen Visa Rejection. We opted for ICICI as the details for Tata AIG were not as clear.

Do you know of any other travel insurance that covers this or if you have experienced this with Tata AIG, do share in the comments below. To the best of my knowledge, this kind of cover is only available for Schengen Visa but if you know any insurance that covers any other country's visa, let me know in the comments as well.

As always, feel free to ask any questions or let me know if you spot any mistakes in the post!

Join r/pFinTools for more such insightful personal finance conversations

Edit - Our visa was rejected by The Netherlands rather than Amsterdam of course.",112,Amsterdam,travel,Claims Experience,Trip Cancellation due to Visa Rejection,Misrepresentation / Incomplete Explanation,Resignation,Medium,"Event: Visa rejection for a Europe trip. Process: Filed claims with ICICI Lombard for visa fees and trip-related costs under the Trip Secure+ Insurance. Outcome: Received refunds for visa fees and trip costs, mitigating financial loss.",4,3,Medium
InsuranceTroubleIndia,https://reddit.com/r/InsuranceTroubleIndia/comments/1s1mtx1/icici_lombard_rejected_my_policy/,2026-03-23 22:37:49,"ICICI Lombard rejected my policy
I applied for a family floater policy for sum insured 15L. Premium came around 20k per year. I applied via insurance advisor who suggested few plans and I decided the icici Lombard Elevate plan. My kid has a congenital heart condition which is common in 1 out of 4 adult and asymptomatic.I disclosed it in the verification call with the icici Lombard guy. 

Just got the mail from them only for my kid's policy proposal as like, ""we would like to offer you a Health Shield Inclusive product which provides coverage with features tailored to your needs""

I couldn't find more information about this plan. Kindly help.

Is it group policy or retail? What are the pros and cons of it?",7,unknown,health,Claims Experience,Policy Rejection,Misrepresentation / Incomplete Explanation,Confusion,Medium,"Event: Applied for a family floater policy. Process: Disclosed a congenital heart condition during a verification call with an ICICI Lombard representative. Outcome: ICICI Lombard offered a different product ('Health Shield Inclusive') instead of the requested policy, causing confusion.",3,3,Medium
UAE,https://reddit.com/r/UAE/comments/1s1890y/travel_insurance_claim_rejected_due_to_war_dubai/,2026-03-23 10:56:34,"Travel insurance claim rejected due to “war” (Dubai), what can I do?
Hey guys,

My travel insurance (ICICI Lombard, India) rejected my claim saying it was due to a “war situation,” and I’m honestly confused.

My return flight was on 28th Feb, the same day when the UAE had those drone/security issues. Because of that:

	•	Flight got cancelled

	•	Had to extend hotel stay

	•	Extra expenses

But I had booked everything 5 months earlier, so it’s not like I planned travel during a war.

They’re now using the “war exclusion” to deny the claim.

Has anyone dealt with something like this?

Is this actually valid, and can I fight it (IRDAI/ombudsman etc.)?

Would really appreciate any advice ",3,"Dubai, India, unknown",travel,Claims Experience,Claims Rejection,Misrepresentation / Incomplete Explanation,Confusion,Medium,"Event: Travel insurance claim rejected due to ""war exclusion"" after flight cancellation and extended stay expenses. Process: ICICI Lombard rejected the claim. Outcome: Customer is confused and seeking advice on fighting the rejection.",3,2,Medium
indianbikes,https://reddit.com/r/indianbikes/comments/1s0mcz1/insurance_renewal_previous_damges/,2026-03-22 19:29:41,"Insurance renewal &amp; previous damges
I have Suzuki Access which I bought in April 2025. It has some damages like deep scratches. I have ICICI Lombard 1 year OD + 5 years third party insurance. it is expiring in next month. I had the damages few months ago. I haven't got that repaired yet. 

please guide me regarding this like what should I do ? should I claim my insurance and get my repairs done? 

also which insurance for renewal.

I don't know about this whole thing like what to do. Please guide.",3,unknown,vehicle,Claims Experience,Claim Decision,Process / Documentation Friction,Confusion,Medium,"Event: Customer has damages on their Suzuki Access. Process: ICICI Lombard insurance is expiring soon, and the customer is unsure whether to claim for the existing damages before renewal or what to do for renewal. Outcome: Customer is seeking guidance on claiming and renewal.",3,3,Low
indianbikes,https://reddit.com/r/indianbikes/comments/1rzm4qe/should_i_apply_my_insurance_for_these_damages/,2026-03-21 13:50:55,"Should I apply my insurance for these damages?
My brother had a minor accident yesterday (he's all fine, a few bruises only, thank God) 
And our Hero Xtreme 125r took a few hits too as you can see in the images (both brake levers bent, handlebar bent, and a few cosmetic damages)
So now we are thinking to give it for repair at hero service centre 
And we recently re-applied insurance, so is it good if we apply for the insurance, will it cover? Will the premium increase? Ours is ICICI Lombard insurance company 

What do you guys suggest?",6,unknown,vehicle,Claims Experience,Claim Eligibility,Unknown,Confusion,Medium,"Event: Brother had a minor accident, damaging a Hero Xtreme 125r. Process: Customer has ICICI Lombard insurance and is considering filing a claim for repairs at a Hero service center. Outcome: Customer is asking if the insurance will cover the damages and if the premium will increase.",3,3,Medium
indiahealthinsurance,https://reddit.com/r/indiahealthinsurance/comments/1ryspr0/cashless_rejected_agent_is_asking_me_to_courier/,2026-03-20 16:04:00,"Cashless rejected. Agent is asking me to courier original documents to ICICI lombard
Cashless rejected. Agent is asking me to courier original documents to ICICI lombard Hyderabad office. 

1. Should i send in courier or registered post?

2. And how do they provide acknowledgment of documents received?

3. Do they list every document submitted in the acknowledgement receipt?

4. Will they return all the originals if claim is rejected? What is the process of returning the documents?",1,"Hyderabad, India",unknown,Claims Experience,Claims Processing,Process / Documentation Friction,Confusion,Medium,"Cashless claim was rejected and the agent is asking to courier original documents to ICICI Lombard Hyderabad office, leading to confusion about the courier method, acknowledgment, document listing, and return process.",3,3,Medium
indianbikes,https://reddit.com/r/indianbikes/comments/1rw2s00/need_advice_on_good_bike_insurance/,2026-03-17 15:59:12,"Need advice on good bike insurance.
It's time to renew my bike insurance. I had taken one from ICICI Lombard. But I've heard that ICICI is very hesitant to give claims. Is this true? 

If yes, can anyone suggest a good insurer? I have a Hunter 350 (2023) and have never taken a claim. ",2,unknown,unknown,Claims Experience,Claim Denial,Communication / Language Barrier,Confusion,Medium,"The user had a bike insurance policy with ICICI Lombard and heard that the insurer is hesitant to give claims, leading to confusion and a search for alternative insurers.",2,2,Medium
InsuranceTroubleIndia,https://reddit.com/r/InsuranceTroubleIndia/comments/1rjoeza/icici_lombard_cashless_claim_rejected/,2026-03-03 18:16:59,"Icici Lombard cashless claim rejected
My father 66 years old,  slipped from the chair and was hospitalized due to fractured hip bone. He was admitted in emergency so no prior intimation to insurance company was given. My father was diagnosed with hypertension after I have taken insurance, It was my first time with Icici, before this for three years I was taking corporate insurance, then my cashless claim got rejected saying they  are NOT clear on how long the patient has hypertension even though the doctor had given in writing that patient has it for only 5 months. the biggest problem is we have lost the original prescription when my father was diagnosed. what can be done now, my claim got rejected even though the operation was no where related to hypertension. ",31,unknown,health,Claims Experience,Claims Rejection,Process / Documentation Friction,Anger,High,"Event: Hospitalization due to fractured hip bone. Process: Cashless claim filed with ICICI Lombard. Outcome: Claim rejected due to unclear hypertension duration, despite doctor's note and the condition not being related to the surgery.",4,2,Medium
indianbikes,https://reddit.com/r/indianbikes/comments/1rgbisb/insurance_query_had_damages_on_two_sides_on_the/,2026-02-27 22:04:56,"[Insurance Query] Had damages on two sides on the bike. How to justify in the insurance claim?
Hi everyone,

I had a minor accident during my commute to office. My bike fell on the right side, causing the right indicator to break and slight scratches on the silencer cover. On the same day, while returning to home, my bike again fell, but on the left side, bending the left clutch lever and the gear shifter.

I have ICICI lombard zero dep insurance cover but generally they cover only one side of the bike in one claim. How can I claim both sides of the bike. Should I tell them that both sides were damaged as part of the same accident?

Any advice would be really helpful. Thanks in advance.",2,unknown,car,Claims Experience,Claim Filing Difficulty,Process / Documentation Friction,Confusion,Medium,"Event: Minor bike accident causing damage to both sides. Process: User has ICICI Lombard zero dep insurance and is asking how to claim for damages on both sides, as policies typically cover only one side per claim. Outcome: Uncertainty on how to proceed with the claim to cover all damages.",3,2,Medium
indianbikes,https://reddit.com/r/indianbikes/comments/1re5me5/insurance_rejected/,2026-02-25 11:55:09,"Insurance rejected
Hey, so I recently met with an accident, and my bike was pretty damaged. Had insurance, so left it in the garage, and it was processed and approved as well. But a few days later, he rejected it because of a name mismatch. So the bike is registered in my brother's name, and when I got the insurance, I put my name in. Yes, my mistake ik, but this wasthe first time buying insurance, and I thought to put my name itself as my brother stays abroad. So they have rejected the claim, saying the names don't match. Is there anything I can do about this? The estimate is pretty high, around 50K, and the insurance provider is ICICI Lombard if that helps. Please tell me if there's something I can do about this. Summoning all gearheads to help a newbie out. Are they just trying to get out of paying?",2,unknown,unknown,Claims Experience,Claims Processing,Process / Documentation Friction,Anger,High,"Customer had an accident and filed a bike insurance claim with ICICI Lombard. The claim was initially processed and approved, but later rejected due to a name mismatch on the policy (customer's name instead of brother's). The customer is seeking advice on how to proceed.",3,2,Medium
InsuranceTroubleIndia,https://reddit.com/r/InsuranceTroubleIndia/comments/1rdqrfr/need_help_icici_lombard_claim_stuck_for_43_days/,2026-02-25 01:25:39,"Need help — ICICI Lombard claim stuck for 43+ days with no real updates
I’m looking for some guidance regarding an insurance claim with ICICI Lombard that has been pending for over 43 days now.

Since submitting the claim, I’ve only been receiving automated emails with no meaningful information. I’ve called customer care multiple times — each time they take my number and say someone will call back, but no one ever does.

An ICICI Lombard representative even completed the hospital physical verification on January 28th, but after that there has been absolutely no progress or communication.

This has been extremely frustrating and stressful, and I’m not sure what the best next step is — escalation, IRDA complaint, legal notice, or something else.

If anyone here has dealt with a similar situation or knows how to push this forward effectively, I would really appreciate your advice.

Thank you in advance.",4,unknown,health,Claims Experience,Claim Processing,Process / Documentation Friction,Anger,High,"Customer's health insurance claim with ICICI Lombard has been stuck for over 43 days with no updates, despite multiple calls and a hospital physical verification. Customer is seeking advice on next steps.",4,3,Medium
InsuranceTroubleIndia,https://reddit.com/r/InsuranceTroubleIndia/comments/1rbj6da/icici_lombard_rejected_claim_for_cataract/,2026-02-22 16:37:57,"Icici Lombard rejected claim for Cataract
I filed a cashless claim for my father for the operation of cataract. My father has blood pressure history for 2 months. The company demanded the letter from the doctor then all the prescriptions. The first time we saw the doctor was 26th Dec 2025. In that prescription, the doctor wrote that my father is facing Blood pressure issues from past 1 year but no drugs taken. This is because he was having minor fluctuations but never took medicine.

Now they rejected the claim saying that we are providing false information of BP history. Dec 26th was the first date when we visited doctor for blood pressure issues. Company is asking prescription but there are no prescription before Dec26. What are my options in this case?

Edit:

We have been continuing the policy for 4 years with ICICI Lombard",34,unknown,health,Claims Experience,Claims Rejection,Misrepresentation / Incomplete Explanation,Anger,High,"Event: Father underwent cataract surgery. Process: Filed a cashless claim with ICICI Lombard. Outcome: Claim rejected due to alleged false information regarding BP history, despite the customer providing all requested documents and explaining the situation.",3,2,Medium
india,https://reddit.com/r/india/comments/1r4nq6i/icici_lombard_ruining_my_life/,2026-02-14 21:09:52,"ICICI Lombard ruining my life
I came in through the er for a high fever yesterday morning and first this fuckass hospital asked me to stay overnight which is okay, fine it helped me get better and i stayed 24 hours after which I was allowed to get discharged but the amount was high so we decided to put it through our icici Lombard insurance, claim was raised and the hospital sent all details by around 1.30 pm. Then these insurance fuckers took until 6 pm only to tell that they needed 2 documents more. I said okay and coordinated with the hospital and sent it. Then they delayed till 8.45 to ask for 2 more documents saying the query was answered inadequately. By this time, the hospital informed that their desk is closed and they can't answer any claims at the moment. Now I'm stuck for another night in this hospital incurring charges I'm forced to take up due to the inefficiency of both the hospital and the insurance company. For context, I am a student studying in a different state so I'm here alone with no guardian. It feels like a sin to have fallen sick with the amount of mental and financial burden I am going through.",20,unknown,health,Claims Experience,Claims Processing Delay,Process / Documentation Friction,Anger,High,"Event: Hospitalization for high fever. Process: Claim raised with ICICI Lombard, but the insurer repeatedly asked for more documents, causing significant delays. Outcome: The hospital desk closed due to the delay, forcing the customer to stay another night and incur additional charges.",4,3,Medium
HealthinsuranceIN,https://reddit.com/r/HealthinsuranceIN/comments/1r2mxbo/icici_lombard_lasik_claim_denied_after_written/,2026-02-12 12:45:11,"ICICI Lombard LASIK Claim Denied After Written Pre-Approval
One of the customers of ICICI Lombard has had a health policy for 2 years.

Before hospitalisation, a cashless pre-authorization request for LASIK was submitted and a written approval email was received. Based on this, the surgery was performed.

However, at the time of discharge, the insurer issued a formal rejection letter, and the customer had to pay the full amount.

The first rejection reason stated LASIK is covered only if refractive error is ±7.5 diopters or above, while the customer had -7.25D.

But the policy wording clearly mentions eligibility at ±6.5 diopters or above.

Later, another communication stated the cashless claim could not be processed due to incomplete details regarding duration of the ailment and asked to apply via reimbursement.

So:

	•	Written pre-approval was given before surgery

	•	Surgery done based on that approval

	•	Denial issued after discharge

	•	Rejection reasons appear inconsistent

	•	Customer paid from pocket

How strong is this case if escalated to grievance cell or Insurance Ombudsman?

Can an insurer deny after written pre-approval?",1,unknown,health,Claims Experience,Claim Rejection After Pre-Approval,Misrepresentation / Incomplete Explanation,Betrayal,High,"Event: Customer underwent LASIK surgery based on written pre-approval from ICICI Lombard. Process: After surgery, the claim was rejected with inconsistent reasons, contradicting the policy wording and the prior approval. Outcome: The customer had to pay the full amount out-of-pocket despite receiving written pre-approval.",5,2,High
indiahealthinsurance,https://reddit.com/r/indiahealthinsurance/comments/1r039t4/health_insurance_application_rejected/,2026-02-09 18:16:14,"Health insurance application rejected
Hi I'm 28M and my spouse is 25F. We recently applied for ICICI Lombard Elevate Floater. We are healthy. We took a master health checkup in Jun 2025 and we got to know my wife had right renal cortical cyst. Doctor advised it was nothing to worry about and cyst dimensions were 1.6x1.8cm. I disclosed this while opting for the insurance policy. I was expecting increase in premium or some waiting period. But ICICI rejected insurance for my wife citing this cyst as a reason and sent a revised proposal only for me. 

I'm worried now and looking for advice on how to proceed further. ",5,unknown,health,Claims Experience,Application Rejection,Misrepresentation / Incomplete Explanation,Confusion,Medium,"Applied for ICICI Lombard Elevate Floater health insurance, disclosed wife's renal cyst, but ICICI rejected insurance for wife citing the cyst, sending a revised proposal only for the husband. The customer was expecting an increase in premium or a waiting period, not a rejection.",3,2,Medium
HondaElevate,https://reddit.com/r/HondaElevate/comments/1qxu7p4/insurance_advise/,2026-02-07 02:47:26,"Insurance advise
Have elevate zx cvt

Registration : April 2024

Insurance icici Lombard 

\-1st year premium \~70k including 3 year third party, rest was including own damage, consumables, engine protect, tyre protect, rsa, etc

\-renewal during 2025 same policy premium \~31k inclusive of 20%NCB

This year they sent me a renewal quote of 62k with same policy. This apparently also include 25% NCB. What am I missing?? IDV during 2025 renewal was \~13lakh, IDV is current proposal is 11.5lakh

Not a single claim yet",1,unknown,motor,Servicing & Policy Admin,Renewal Pricing,Product Design or Complexity,Confusion,Medium,"Customer received a renewal quote of 62k for their ICICI Lombard bike insurance, which includes 25% NCB, despite the previous year's premium being 31k with 20% NCB and a higher IDV. No claims have been made.",3,2,Medium
indianbikes,https://reddit.com/r/indianbikes/comments/1qwjjfy/help_needed/,2026-02-05 17:36:30,"Help needed
So my bike recently crashed and i have claimed Insurence its been 3 days since my bike is at the service centre and i have got no calls from the insurance company the Insurence advisor said to expect a call in 24 hours but its been 3 days and i haven’t got any call i called my csm and he said I’ll look into it but i have no hopes 

And also the guy riding mu bike had no dl had LL but no dl i told them that i was riding the bike. 

Got a medical too for myself 

what should i do next i really don’t know 

The company is icici lombard.

Help me out 

What should i do",1,unknown,unknown,Claims Experience,Claims Processing Delay,Process / Documentation Friction,Resignation,Medium,"Event: Bike crash. Process: Filed insurance claim with icici lombard, advisor promised call in 24 hours, no call received after 3 days, CSM said they will look into it. Outcome: No resolution or update, customer has no hopes.",3,3,Medium
CarsIndia,https://reddit.com/r/CarsIndia/comments/1qupzl4/update_tata_motors_sent_me_threatening_email_for/,2026-02-03 17:25:46,"[Update] Tata Motors sent me threatening email for denying illegal parking charges for my flooded Nexon
**Tldr from Prev Posts:**

My 1 year old Tata Nexon was completely flooded in my apartment basement 4 months ago. While all the car got declared total loss in my building, **ICICI Lombard and Tata Motors** refused to push for a total loss in my case, even though the repair estimates were more than 75% of the IDV.  **ICICI Lombard surveyor removed costly engine components (like the turbocharger and catalytic converter) from the estimate to artificially reduce the claim amount without any technical justification.** I had rejected this unsafe repair plan and escalated it to the IRDAI and grievances. Tata Motors gave me a tough time throughout the entire timeline, from estimations to follow-ups.

**Prev reddit Post:** [https://www.reddit.com/r/CarsIndia/comments/1orj2rn/updatesurveyors\_reduced\_claim\_amount\_to\_422\_l\_to/](https://www.reddit.com/r/CarsIndia/comments/1orj2rn/updatesurveyors_reduced_claim_amount_to_422_l_to/)

**Current Update:**

I wanted to share an update earlier but didn't want to get myself in legal trouble as Tata Motors had actually threatened me in an email back in December. Just recently I saw Venom tech's video about all the drama unfolding around his Mahindra XEV 9E and I felt this is the prefect time to share my story as well which is pretty similar to him. **Same Insurer ICICI lombard but I was stuck with the other scam bros of Indian Automotive ""Tata Motors"".**

Here is a thread I have posted on Twitter/X. It would be really helpful if you guys could repost it. Not sure if it will create any outcome, but at least people will get to see the reality of scam bros from Indian Auto Industry ""The Tata Motors"" &amp; ""The Mahindra Automotive"":  
[https://x.com/vineetk242000/status/2018429757583720477](https://x.com/vineetk242000/status/2018429757583720477)

**After the Last reddit Post:**

\-IRDAI escalation didn't help much while ICICI Lombard grievances team literally harassed me to accept the unsafe repair plan instead of total loss compensation. Multiple 1 hour calls where they would loop in the claims manager on conference call, the same guy who had told me on my face **""Do whatever you want to do, but we won't push your car into total loss.""**

\-Tata Motors regional team head was also forcing me to push the car into repairs as there will be further deterioration while left stranded as if the car wasn't already rusted. **When I asked them if my remaining standard warranty will be applicable or not in case I go with repairs and they attached several ifs and buts to the warranty terms.**

\-Finally, I filed a complaint on 19th Nov to the Insurance Ombudsman after 1 month of harassment by ICICI Lombard, and to this day I am still waiting to get a hearing date while my new car, stripped to bare metal, is rusting at the dealership.

\- Meanwhile Tata Motors dealership wanted me to move the disputed car out of their parking space while the case is still with Ombudsman else they will start charging parking money from december onwards. (It's impossible to move the car from the dealer's space as it stripped to bare metal and is in active dispute. Also the insurance was purchased from dealership itself and I received no help either even the claim filing I had to do on my own)

\-When I raised this situation to Tata Motors regional team they sided with the Dealership and threatened me if I raise it on social platforms and tag automotive influencers(Screenshots attached).

3 months in after filing the case to Ombudsman and still waiting for a hearing date but not sure I will get the resolution or not. **ICICI Lombard attempted to close the claims multiple time over non pursuance but haven't been able to as the case is registered in the Ombudsman office now.**

I have patiently waited for 4 months now without having a car and struggling during my daily transit. Not sure why everything feels so hopeless here. Everyone else from my apartment who was affected has already purchased their new car after getting the settlement from insurer.

*Processing img gh0k2zfnt9hg1...*

*Processing img nr4g76fnt9hg1...*

*Processing img dtnws5fnt9hg1...*

",544,unknown,unknown,Claims Experience,Claim Denial,Misrepresentation / Incomplete Explanation,Betrayal,High,"Event: Car flooded and declared total loss. Process: ICICI Lombard surveyor removed engine components from estimate to reduce claim amount, customer rejected unsafe repair plan and escalated to IRDAI and grievances. Outcome: ICICI Lombard attempted to close claims multiple times, customer is waiting for an Ombudsman hearing.",4,2,High
Kylaq,https://reddit.com/r/Kylaq/comments/1qttke1/bought_my_kylaq_prestige_2025/,2026-02-02 17:50:48,"Bought my Kylaq Prestige 2025
This is a follow-up [to my earlier post](https://www.reddit.com/r/Kylaq/comments/1qkiang/kylaq_prestige_2025_quotation) about the quote I got from the dealer. Posting this in case it helps anyone who’s curious or planning to buy a car. Did a PDI and everything looked alright, took a picture of the VIN number and it is a Nov 2025 manufactured car.

**Car:** Skoda Kylaq Prestige MT 2025

**Negotiations:**  
I went ahead and got quotes from two other Skoda dealers in my city. All three quotes (without insurance) were in the range of ₹13.5–13.10 lakh. I negotiated between two of them and managed to bring it down to ₹12.90 lakh. Ended up going with the first dealer since I spoke to him first, and he was the most approachable in terms of negotiations and overall attitude.

**Total Expenses:**

**To the dealer:**

* Booking: ₹15,000
* Down payment: ₹1,75,000 (this includes accessories worth 8,499)
* Extended warranty: ₹19,999 (thinking of getting this, haven't bought yet)

**Dashcam:**

* Camera (70mai A510): ₹13,098
* Memory Card (Samsung Evo Plus 128 GB): ₹2,034

**Loan:**

* Bank: Bank of India
* Interest rate: 7.75%
* Tenure: 5 years
* Amount: ₹11,00,000
* EMI: ₹22,173
* Charges: ₹2,250
* Stamp papers: ₹600

**Insurance:**

* ICICI Lombard – 1 + 3 years (Zero Dep, Return to Invoice, Roadside Assistance, Consumables): ₹30,804

**FastTag:**

* Yet to buy, guessing it’ll be around ₹500–700

**Total:**

* Car + Accessories + Dashcam + Insurance + FastTag: ₹13,36,436
* Bank charges: ₹2,850

For insurance, I did quite a bit of research since I wasn’t fully clear on the ins and outs of car insurance. Apart from ICICI Lombard, I also shortlisted HDFC Ergo and Royal Sundaram. I even spoke to the dealer’s garage to get their opinion on which insurer is more responsive and easier to deal with.

I will be getting my delivery on 4th of Feb.",21,unknown,unknown,Onboarding & Policy Understanding,Policy Purchase,Unknown,Confusion,Low,"Event: Buying a new car. Process: Obtained insurance quote from ICICI Lombard for 1+3 years with zero dep, RTI, roadside assistance, and consumables for ₹30,804. Outcome: Customer is comparing this quote with other insurers (HDFC Ergo, Royal Sundaram) and seeking opinions.",3,3,Medium
IndiaFinance,https://reddit.com/r/IndiaFinance/comments/1qrxsu1/preauth_only_9k_on_30k_bill/,2026-01-31 14:51:22,"Pre-auth only 9k on 30k bill?
Emergency case under ICICI Lombard Group Medical Coverage (0% co-pay). The patient was under observation for some 12 hours in emergency medicine and all the scans were done while in emergency. Non-AC room ₹1,100. Diagnostics + medicines only.
Hospital asked ₹30k, pre-auth approved ₹9k.
Is this normal? Does the amount usually increase at final settlement?

Update: Claim was approved almost 💯%",3,unknown,health,Claims Experience,Claims Experience,Process / Documentation Friction,Confusion,Medium,"Event: Emergency hospitalization. Process: Filed a claim under ICICI Lombard Group Medical Coverage for a 30k bill, but pre-authorization was only for 9k. Outcome: Asked if this is normal and if the amount usually increases at final settlement.",3,3,Medium
CarsIndia,https://reddit.com/r/CarsIndia/comments/1qp1jh0/requesting_guide_on_insurance_claim/,2026-01-28 10:05:50,"Requesting guide on Insurance claim
So I am a new driver(first one in family) and I have accumulated some scratches and damages on my 3 month old car. As per the pics they are as follows -

1. Broken tail light | Left side - was waiting for traffic to exit society, society gate flew in, around 2 months ago
2. A long scratch | front bumper - not sure when or how it happened
3. Multiple scratches to the panels | Right side lower - Did not notice a big stone while leaving parking in an open field, 1 month
4. Multiple scratches on the front bumper| Left side - Scratched on a curb probably during my first week. Please note that the large patch visible is actually mud
5. Hard panel damage | rear left side - This is a major one, happened while turning out of a parking, I turned too soon and scraped a pillar. These are deep indentations, with paint scrapped off the metal in multiple places. Happened like 2-3 weeks ago

I have 1st party insurance with 0 dep from ICICI Lombard in collab with Maruti. But now I am not sure how to proceed. Do I just take my car to the ASC? Do I call the insurer? Do I make a single story or tell them about seperate incidents? Need some help here pls, thanks",2,unknown,motor,Claims Experience,Claims Experience,Process / Documentation Friction,Confusion,High,"Event: Car sustained multiple damages over a period. Process: Has a 1st party insurance with 0 dep from ICICI Lombard in collab with Maruti, but unsure how to proceed with repairs at the ASC, whether to call the insurer, or how to present the damages. Outcome: Seeking guidance on the claims process for multiple incidents.",4,4,Medium
InsuranceTroubleIndia,https://reddit.com/r/InsuranceTroubleIndia/comments/1qodewe/claim_rejected_by_icici_lombard/,2026-01-27 18:40:25,"Claim rejected by ICICI Lombard
I recently got scratched by a cat and had my skin punctured and there was blood as well. So I went to the doctor and they asked me to get vaccinated and immunised.

Lombard health advantage edge has a clause for animal bite coverage up to 10k.

I submitted a claim for 9k for all the vaccines and immuno globin.

They rejected it saying it’s an OPD procedure so no claim, where as in clause it’s clearly mentioned that claim would be reimbursed for OPD.

So later I showed them the clause and asked it clearly mentions OPD.

No they have comeback saying only bites are included and not scratches.

Who defines animal bite there is no such definition in their documents?

What should I do, I am really in need of money",42,unknown,health,Claims Experience,Claims Experience,Misrepresentation / Incomplete Explanation,Anger,High,"Event: Cat scratch requiring vaccination and immunization. Process: Submitted a claim for 9k under ICICI Lombard Health Advantage Edge, which has a clause for animal bite coverage up to 10k. Claim was initially rejected as OPD, then rejected again stating only bites are included, not scratches. Outcome: Claim rejected despite showing the clause mentioning OPD reimbursement and questioning the definition of 'animal bite'.",5,2,Medium
CarsIndia,https://reddit.com/r/CarsIndia/comments/1qn6po2/nexa_service_center_missed_a_part_in_the/,2026-01-26 10:30:28,"Nexa Service Center missed a part in the insurance estimate, now asking ME to pay for it. What are my rights?
Need some advice on a situation with Nexa Pillai &amp; Sons service (Keelkattalai, Chennai).

My Baleno met with a small accident last Monday (Jan 19) where the left side hit a platform. I dropped it off at the service center for accidental repairs + periodic paid service.

The service advisor submitted the estimate to ICICI Lombard. The insurance team approved 100% of the parts proposed in that list. However, yesterday—while the car is mid-repair—the service team called me saying they ""missed"" adding the Lower Arm to the initial proposal.

Now, they are asking me to pay for the Lower Arm out of my own pocket.

I spoke to the ICICI Lombard surveyor, and he clearly told me: ""If they had included the lower arm in the original list, we would have covered it. Since they didn't propose it, we didn't approve it.""

Basically, the Nexa service center made a technical error/oversight, and now they want me to foot the bill for their mistake. The car is currently stuck and repairs are stalled.

My questions for the community:

Is it legal/fair for a service center to demand payment for a part they forgot to include in an insurance claim?

Has anyone dealt with Pillai &amp; Sons or Maruti regional office regarding such oversights?

Should I refuse to pay and escalate this to Maruti Suzuki’s regional manager, or is there a way to file a 'supplementary claim' this late?

I feel like I'm being penalized for their incompetence. An advice on how to handle this would be appreciated!",14,Chennai,motor,Claims Experience,Claims Experience,Process / Documentation Friction,Anger,High,"Event: Car accident requiring repairs. Process: Service center (Nexa Pillai & Sons) submitted an estimate to ICICI Lombard, which was approved. However, the service center later claimed they 'missed' adding the Lower Arm part and are asking the customer to pay for it. Outcome: Customer is seeking advice on their rights and how to handle the situation where the service center's oversight is being passed on to them.",5,3,Medium
indiahealthinsurance,https://reddit.com/r/indiahealthinsurance/comments/1qlu9n2/permanent_exclusion_in_medical_insurance/,2026-01-24 23:43:38,"Permanent exclusion in medical insurance
I bought health insurance from ICICI Lombard. I declared I had a patella dislocation last year to their team. There was no surgery or hospitalisation. But they added a permanent exclusion for all knee related injuries without even looking at any medical report. I even asked to increase the premium or increase the waiting period instead of excluding it permanently but they did not budge so I rejected their proposal. Should I have done something differently? Was I naive to disclose my medical history truthfully or is this the sad reality of medical insurance today? Any advice on how do I apply for medical insurance with some other insurer?",5,unknown,health,Servicing & Policy Admin,Permanent exclusion for knee-related injuries,Misrepresentation / Incomplete Explanation,Resignation,Medium,"Event: Bought health insurance from ICICI Lombard and disclosed a past knee injury. Process: ICICI Lombard added a permanent exclusion for all knee-related injuries without reviewing medical reports, rejecting requests for premium increase or waiting period extension. Outcome: Customer rejected the proposal due to the permanent exclusion.",2,2,Medium
indiahealthinsurance,https://reddit.com/r/indiahealthinsurance/comments/1qhoxu7/anybody_faced_this_weird_issue_while_purchasing/,2026-01-20 08:11:40,"Anybody faced this weird issue while purchasing ICICI Lombard health policy?
I am purchasing ICICI Lombard elevate policy through beshak and on final step just before payment, when I reviewed my details, it shows a weird number like 54 5561 instead of my state in address. Anybody faced this issue ? Agent tried to convince me that in proposal form it's correct and therefore policy will include correct data. If there will be something wrong , then he will rectify it by sending emails and stuff. What do you suggest?",6,unknown,health,Onboarding & Policy Understanding,Incorrect state in address during policy purchase,Process / Documentation Friction,Confusion,Medium,"Event: Customer is purchasing ICICI Lombard Elevate policy through Beshak. Process: During the final step before payment, the address details showed an incorrect state ('54 5561' instead of the actual state). The agent assured it would be corrected later. Outcome: Customer is seeking advice on whether to proceed with the purchase despite the incorrect address detail in the review stage.",3,3,Medium
MechanicAdviceIndia,https://reddit.com/r/MechanicAdviceIndia/comments/1qhfhn8/icici_lombard_insurance/,2026-01-20 01:50:25,"Icici Lombard insurance
Recently my car was hit by a cow and damaged my bonnet and bumper and a small crack in the mirror while the insurance person is claiming to pass the bonet and bumper while denying the mirror saying that this is a seperate issue as per his understanding.what can I do now ?",3,unknown,unknown,Claims Experience,Claims Processing,Misrepresentation / Incomplete Explanation,Confusion,Medium,"Event: Car damaged by a cow. Process: Filed insurance claim with Icici Lombard for bonnet, bumper, and mirror. Outcome: Icici Lombard approved bonnet and bumper but denied mirror claim, stating it's a separate issue.",3,3,Medium
