link,date_time,original_text,length,geo_hint,engagement_signal,product_hint,stage,primary_breakdown_point,channel,root_cause,emotion,emotion_severity,summary_insight,actionability_score_5,fixability_score_5,evidence_strength
https://twitter.com/Subbu_Aggarwal/status/2060286065165107246#m,"May 29, 2026","Thank you guys, due to not proper resolution of this claim, I have decided to not renew the claim with your fraud company.  It’s a pity to buy insurance from icici lombard.",172,unknown,1,unknown,Claims Experience,Claims,Unknown,Process / Documentation Friction,Anger,High,"Customer decided to not renew claim with ICICI Lombard due to improper resolution of a claim, calling it a fraud company.",2,1,Low
https://twitter.com/Chilipili/status/2060002351419887888#m,"May 28, 2026","Booked an OPD check up through @ICICILombard take care app. Didn't receive cashless letters until the last moment, from the third party (Visit Healthcare). Finally paid from my pocket. Filed a complaint with ICICI Lombard. Today it's auto-resolved, but I don't know the outcome.",278,unknown,2,health,Claims Experience,Claims,Digital / App / Website,Process / Documentation Friction,Confusion,Medium,"Customer booked an OPD check-up via ICICI Lombard app, did not receive cashless letters, paid from pocket, filed a complaint, and the case was auto-resolved without a clear outcome.",3,3,Medium
https://twitter.com/anilsha61550355/status/2059577559705325910#m,"May 27, 2026",मेरे नाम अनिल शर्मा है मैंने एक नई बाइक निकल वाई है अपाची उसका इंश्योरेंस आपकी ICICI Lombard   से हुआ जिसमे नॉमिनी नाम गलत कर दिया है aneeta Sharma की  जगह anila sharma कर दिया है  कृपया इसको सही कर दें,202,unknown,1,unknown,Servicing & Policy Admin,Process / Documentation Friction,Agent / Advisor,Process / Documentation Friction,Confusion,Medium,"Anil Sharma purchased a new Apache bike, and its insurance was done through ICICI Lombard. The nominee name was incorrectly entered as 'anila sharma' instead of 'aneeta sharma'. He is requesting to correct this. This involves an event (bike purchase and insurance), a process (incorrect nominee entry and request for correction), and an outcome (incorrect nominee name needing correction).",4,4,Medium
https://twitter.com/lokeshteri/status/2059217777395933523#m,"May 26, 2026",@ICICILombard @irdaindia @TRAI @FinMinIndia Dear Icici Lombard you are disturbing me by calling again & again. For resolution you need time but start disturbing instantly. Regulator why this happens you given them relaxation for disturbing people.,247,unknown,0,unknown,Servicing & Policy Admin,Communication,Unknown,Misrepresentation / Incomplete Explanation,Anger,High,"Event: Being disturbed by repeated calls. Process: Requesting resolution from ICICI Lombard, which takes time. Outcome: Instant disturbance despite delays in resolution, leading to a complaint about regulatory relaxation.",3,2,Medium
https://twitter.com/forsubhash/status/2059148782709920225#m,"May 26, 2026","@ICICILombard @ICICIBank_Care @ICICIBank @ICICI_Direct I purchased AN ICICI LOMBARD insurance by August 2025 through online, but it's not reflected anywhere, unable to get solution through bank also,  in CC also.  What to do. I'm still searching for, Mb 9865199969. Plz assist",276,unknown,2,unknown,Onboarding & Policy Understanding,Policy Admin,Digital / App / Website,Misrepresentation / Incomplete Explanation,Confusion,High,"Event: Purchased ICICI Lombard insurance online in August 2025. Process: Policy not reflected anywhere, unable to get a solution through the bank or customer care. Outcome: Still searching for a solution and assistance.",2,2,Medium
https://twitter.com/BRAJESHGQI/status/2059091896048533844#m,"May 26, 2026",Nothing happened. Appointment is given after 5 days of booking date at solo consideration of time and date of availability at a not booked date. All mobile numbers given in the message are either not taking calls or not working. Pathetic ICICI Lombard.,252,unknown,1,unknown,Servicing & Policy Admin,Service Delivery,Branch / Customer Service,Process / Documentation Friction,Anger,High,"Event: Appointment booking for a service. Process: Appointment given 5 days after booking, with mobile numbers provided being unresponsive or not working. Outcome: Pathetic service experience with ICICI Lombard.",2,3,Medium
https://twitter.com/claythoughts/status/2058952040634782028#m,"May 25, 2026","Dear ICICI Lombard,  As requested, I am sharing screenshots captured during the proposal and purchase stage from ICICI Lombard’s official website for vehicle model “ATHER 450 APEX.”  The screenshots clearly show:  * add-on covers being displayed as applicable, * add-ons actively selected during proposal creation, * premium being dynamically calculated based on those selections, * and final payable premium generated accordingly.  The selected covers included:  * IL Smart Assist * Consumables * Tyre & Wheel Rim * Return to Invoice * Battery Protect * Personal Protect Policy * Driving Accessories  This directly contradicts the earlier explanation provided by your team stating that these covers were “not applicable” due to vehicle configuration or system limitations.  Kindly confirm clearly:  1. Whether these add-ons are covered under the issued policy; 2. If yes, issue corrected endorsement immediately; 3. If no, explain why ICICI Lombard’s platform enabled selection and premium collection for unsupported covers.  Regards, Ravi",1040,unknown,0,vehicle,Onboarding & Policy Understanding,Product Offering,Digital / App / Website,Misrepresentation / Incomplete Explanation,Confusion,High,"Event: Proposal and purchase stage for vehicle insurance on ICICI Lombard's website. Process: Add-on covers were displayed as applicable, selected, and premium calculated accordingly, but later contradicted by the team. Outcome: Requesting confirmation if add-ons are covered, for corrected endorsement, or explanation for platform enabling selection and collection for unsupported covers.",4,3,High
https://twitter.com/claythoughts/status/2058950857564336179#m,"May 25, 2026","Dear ICICI Lombard,  Your latest response contradicts the earlier explanation provided by your team stating that the add-on covers were “not applicable” for the vehicle due to configuration/system limitations.  As requested, I am sharing the add-on covers explicitly selected and reflected in the quotation generated through ICICI Lombard’s official platform for vehicle model “ATHER 450 APEX”.  Selected Add-on Covers:  * Road Side Assistance * Tyre Protect * Zero Depreciation (Silver) * Consumables * Return to Invoice * Battery Protect  The quotation documents generated by ICICI Lombard also clearly included:  * add-on premium computation, * total own damage add-on premium, * and enhanced premium payable based on these selections.  This is already supported by the quotation screenshots/documents previously shared with your team.  Further, your earlier communications explicitly stated that these add-ons were “not applicable” due to vehicle configuration and referred to the issue as a “system glitch.” However, your present response now states that the policy was processed “as per proposal stage details.”  These two positions are inconsistent.  Accordingly, I request ICICI Lombard to clearly confirm in writing:  1. Whether the above add-on covers are actually part of the issued policy coverage; 2. If yes, provide revised policy endorsement explicitly reflecting all add-ons; 3. If no, explain why premium was calculated and collected for those add-ons during quotation and proposal generation.  Please treat this as an official request for clarification before further regulatory escalation.  Regards, Ravi",1623,unknown,0,unknown,Servicing & Policy Admin,Policy Admin,Digital / App / Website,Misrepresentation / Incomplete Explanation,Confusion,Medium,"Customer purchased a policy from ICICI Lombard where add-on covers were selected and premium was calculated on the official platform, but later the insurer stated these add-ons were not applicable due to system limitations, creating an inconsistency in their communication and policy processing.",3,3,Medium
https://twitter.com/SanjaySathwara/status/2058923998013202939#m,"May 25, 2026","@ICICILombard Dear ICICI Lombard, Claim No. 220101547442 has been rejected multiple times with the unbelievable reason “Sum Insured Exhausted” without properly checking my policies.    #ClaimIssue",196,unknown,2,unknown,Claims Experience,Claim Rejection,Claims / TPA,Process / Documentation Friction,Betrayal,High,Customer's claim (No. 220101547442) with ICICI Lombard was rejected multiple times with the reason 'Sum Insured Exhausted' without proper verification of policies.,2,2,Medium
https://twitter.com/BIJAY2050/status/2058911150885294415#m,"May 25, 2026",@ICICIBank_Care @ICICILombard Maine icici Lombard health insurance liya hu mai 2 din se customer laga nhi lag thai toll free no enta bada company ek customer care no nhi. Policy sale karte samay 10 no se call karta jb customer kuch query@irdaindia @PMOIndia @FinMinIndia,270,unknown,1,health,Onboarding & Policy Understanding,Customer Service,Bank / Bancassurance,Communication / Language Barrier,Anger,High,"Customer purchased ICICI Lombard health insurance but is unable to connect with customer care for 2 days, finding the toll-free number ineffective and questioning the availability of customer support for a large company.",2,3,Medium
https://twitter.com/Subratp58292090/status/2058791137381687799#m,"May 25, 2026","When, it's 24hrs over. If you are not capable to call to a customer or not capable to receive the call from customer after waiting of 40mins, why are you selling your policy, it's clear fraud.  ICICI Lombard is a fraud insurance services",237,unknown,0,unknown,Claims Experience,Claim Denial,Digital / App / Website,Misrepresentation / Incomplete Explanation,Anger,High,"Customer is frustrated with ICICI Lombard for selling policies when they are allegedly incapable of calling customers or receiving calls after long waits, calling it fraud.",1,1,Low
https://twitter.com/Subratp58292090/status/2058782747339247800#m,"May 25, 2026","What happened it's more than 24hrs, but I m not received any call from fraud ICICI Lombard.",91,unknown,1,unknown,Claims Experience,Claim Denial,Digital / App / Website,Misrepresentation / Incomplete Explanation,Anger,High,"Customer is upset that after more than 24 hours, they have not received a call from ICICI Lombard, whom they refer to as a 'fraud' company.",1,1,Low
https://twitter.com/sasiv76/status/2058773663399481669#m,"May 25, 2026","ICICI Lombard is a fraud company. We took travel insurance from this sick company, they know 100 ways to deny a cliam. Stay away from these crooks",146,unknown,2,travel,Claims Experience,Claim Denial,Claims / TPA,Misrepresentation / Incomplete Explanation,Betrayal,High,"Customer warns others against taking travel insurance from ICICI Lombard, calling it a 'fraud company' and 'crooks' that find '100 ways to deny a claim'.",1,1,Low
https://twitter.com/MurliVijayKrish/status/2058532028765933693#m,"May 24, 2026",It will cover for sure sir! Kindly send an email/call to ICICI Lombard insurance team and confirm the same Or check the coverage hospital and initiate the cashless process after consultation. Thanks,198,unknown,1,health,Claims Experience,Claims,Claims / TPA,Process / Documentation Friction,Confusion,Medium,Event: Hospitalization coverage. Process: Customer asked to email/call ICICI Lombard to confirm coverage and initiate cashless process. Outcome: Implied need for confirmation and initiation of process.,3,3,Medium
https://twitter.com/Subratp58292090/status/2058521748862390396#m,"May 24, 2026","Still now  I have not received any call from your side.  Very worst service.  Don't buy insurance policy from ICICI Lombard, they don't have ontime support.  No option to contact customer care.  Fraud icic",205,unknown,0,unknown,Servicing & Policy Admin,Customer Service,Unknown,Misrepresentation / Incomplete Explanation,Anger,High,"Event: Policy purchase from ICICI Lombard. Process: Customer has not received a call back and cannot contact customer care. Outcome: Worst service, no ontime support, perceived as fraud.",2,2,Medium
https://twitter.com/Sangeet58042250/status/2058503913633157437#m,"May 24, 2026",@COmbudsmen @ICICILombard @irdaindia we have facing issue for my vehicle claim MOT17185508 first ICICI Lombard approved partially and when. Requesting for full one side claim then  rejected and harrassing by surveyor of ICICI Lombard. We are file complaint on portal.,267,unknown,1,unknown,Claims Experience,Claims,Claims / TPA,Misrepresentation / Incomplete Explanation,Anger,High,"Event: Vehicle claim (MOT17185508). Process: ICICI Lombard initially approved partially, then rejected the full claim, and the surveyor is harassing the customer. Outcome: Rejection of full claim and harassment by surveyor.",2,1,Medium
https://twitter.com/EyeOfAswin/status/2058280923049889881#m,"May 23, 2026","Complaint Lodged to IRDAI on Phonepe's fraudulent activity   @PhonePe @PhonePeSupport  A fraudulent service from @PhonePe @PhonePeSupport  (My registered email id: gdaswinkumar@gmail.com | My registered number: Check DM )  On May 10, I purchased an ICICI Lombard insurance policy through PhonePe. Even after payment, the policy was never issued and kept getting delayed continuously. Finally, it had to be cancelled. But till now, the refund amount has not been credited.  After that, I purchased another policy from Star Health Insurance through PhonePe. Even now, the policy document has still not been issued. Every time, they keep saying “it will come soon” but no proper resolution has been provided.  I have already complained to IRDAI  You can also contact my secondary number (check DM)",794,unknown,1,unknown,Onboarding & Policy Understanding,Policy Issuance Delay,Digital / App / Website,Process / Documentation Friction,Resignation,Medium,"On May 10, I purchased an ICICI Lombard insurance policy through PhonePe. Even after payment, the policy was never issued and kept getting delayed continuously. Finally, it had to be cancelled. But till now, the refund amount has not been credited.",3,3,Medium
https://twitter.com/EyeOfAswin/status/2058273224144957597#m,"May 23, 2026","Fraudulent PhonePe Insurance services( My registered number and registered email id: gdaswinkumar@gmail.com)  @PhonePe @PhonePeSupport @StarHealthIns  On May 10, I purchased an ICICI Lombard insurance policy through PhonePe. Even after payment, the policy was never issued and kept getting delayed continuously. Finally, it had to be cancelled. But till now, the refund amount has not been credited.  After that, I purchased another policy from Star Health Insurance through PhonePe. Even now, the policy document has still not been issued. Every time, they keep saying “it will come soon” but no proper resolution has been provided.  I have already complained to IRDAI",669,unknown,0,unknown,Onboarding & Policy Understanding,Policy Issuance Delay,Digital / App / Website,Process / Documentation Friction,Resignation,Medium,"On May 10, I purchased an ICICI Lombard insurance policy through PhonePe. Even after payment, the policy was never issued and kept getting delayed continuously. Finally, it had to be cancelled. But till now, the refund amount has not been credited.",3,3,Medium
https://twitter.com/ABHISHINE24/status/2058219376365719997#m,"May 23, 2026",@PBHelpDesk मेरी कार का कॉम्प्रिहेंसिव इंश्योरेंस जो icici lombard की शॉर्ट टर्म od पॉलिसी है जिसका रिन्यू 22 मई को होना था लेकिन आज 23 मई तक नहीं हुआ है पेमेंट ऑटो डेबिट हो चुका है।,182,unknown,3,unknown,Servicing & Policy Admin,Policy Renewal Delay,Agent / Advisor,Process / Documentation Friction,Confusion,Medium,मेरी कार का कॉम्प्रिहेंसिव इंश्योरेंस जो icici lombard की शॉर्ट टर्म od पॉलिसी है जिसका रिन्यू 22 मई को होना था लेकिन आज 23 मई तक नहीं हुआ है पेमेंट ऑटो डेबिट हो चुका है।,3,3,Medium
https://twitter.com/TwitAmitMishra/status/2058177853922140487#m,"May 23, 2026",“Cashless insurance shouldn’t take longer than the treatment itself. 4+ hours for approval after final submission is pathetic. ICICI Lombard turning emergencies into endurance tests.”,183,unknown,2,health,Claims Experience,Cashless Claim Approval Delay,Claims / TPA,Process / Documentation Friction,Anger,High,Cashless insurance shouldn’t take longer than the treatment itself. 4+ hours for approval after final submission is pathetic. ICICI Lombard turning emergencies into endurance tests.,4,4,Medium
https://twitter.com/mustfarehan0786/status/2058110846077997417#m,"May 23, 2026",What your company gives to customer that’s worst than this heat wave  Mental trauma - while selling insurance your team assures everything will be smooth  But when it comes for claim - ICICI Lombard never accepts,212,unknown,1,unknown,Claims Experience,Claim Rejection,Unknown,Misrepresentation / Incomplete Explanation,Betrayal,High,What your company gives to customer that’s worst than this heat wave  Mental trauma - while selling insurance your team assures everything will be smooth  But when it comes for claim - ICICI Lombard never accepts,2,2,Medium
https://twitter.com/Rohitku2648/status/2058062420216836237#m,"May 23, 2026","@ICICILombard  Very disappointed with ICICI Lombard claim handling. I submitted my scooter on 4 May and fully cooperated, yet I’m still facing repeated queries and delays. This experience has been frustrating and far from the service customers expect. Kindly resolve this issue .",279,unknown,1,unknown,Claims Experience,Servicing & Policy Admin,Unknown,Process / Documentation Friction,Anger,High,"Event: Submitted scooter on 4 May. Process: Cooperated with claim handling, faced repeated queries and delays. Outcome: Still facing delays and frustration.",3,3,Medium
https://twitter.com/lokeshteri/status/2058052019613802676#m,"May 23, 2026","@ICICILombard @FinMinIndia @irdaindia Dear ICICI Lombard please stop disturbing me by calling again n again for Health Insurance.If I am sending this msg again n again, it is not good. But u r compelling me. Kindly lodge complaint ICICI Lombard n share complaint no.@PMOIndia",275,unknown,1,health,Servicing & Policy Admin,Servicing & Policy Admin,Unknown,Misrepresentation / Incomplete Explanation,Anger,High,"Event: Received repeated calls for Health Insurance. Process: Sent messages repeatedly to stop calls, ICICI Lombard compelled them to send messages. Outcome: ICICI Lombard continues to disturb.",2,2,Medium
https://twitter.com/lokeshteri/status/2058056019247522138#m,"May 23, 2026","@ICICILombard @FinMinIndia Dear ICICI Lombard when u will stop disturbing me. Thank u for disturbing Indian like me. PMO, MoF, IRDA, TRAI should be rewarded to give u license to disturb Innocent CiIndian. @PMOIndia @irdaindia @TRAI u shared my no with ur",254,unknown,0,health,Servicing & Policy Admin,Servicing & Policy Admin,Unknown,Misrepresentation / Incomplete Explanation,Anger,High,"Event: Received repeated calls for Health Insurance. Process: Sent messages repeatedly to stop calls, ICICI Lombard compelled them to send messages. Outcome: ICICI Lombard continues to disturb.",2,2,Medium
https://twitter.com/lokeshteri/status/2058055718440423696#m,"May 23, 2026","@ICICILombard @FinMinIndia Dear ICICI Lombard when you will stop disturbing me. Thank You for disturbing Indians like me. PMO, MoF, IRDA, TRAI should also be rewarded to give you license to disturb Innocent Civilians/ Indian. @PMOIndia @irdaindia",246,unknown,0,health,Servicing & Policy Admin,Servicing & Policy Admin,Unknown,Misrepresentation / Incomplete Explanation,Anger,High,"Event: Received repeated calls for Health Insurance. Process: Sent messages repeatedly to stop calls, ICICI Lombard compelled them to send messages. Outcome: ICICI Lombard continues to disturb.",2,2,Medium
https://twitter.com/lokeshteri/status/2058051878689394744#m,"May 23, 2026","@ICICILombard @FinMinIndia @TRAI @irdaindia Dear ICICI Lombard please stop disturbing me by calling again n again for Health Insurance.If I am sending this msg again n again, it is not good. But u r compelling me. Kindly lodge complaint against ICICI Lombard n share complaint no.",280,unknown,0,health,Servicing & Policy Admin,Servicing & Policy Admin,Unknown,Misrepresentation / Incomplete Explanation,Anger,High,"Event: Received repeated calls for Health Insurance. Process: Sent messages repeatedly to stop calls, ICICI Lombard compelled them to send messages. Outcome: ICICI Lombard continues to disturb.",2,2,Medium
https://twitter.com/lokeshteri/status/2058051145277583689#m,"May 23, 2026","@ICICILombard @FinMinIndia @TRAI @irdaindia Dear ICICI Lombard please stop disturbing me by calling again n again for Health Insurance . IRDA pls do stung. FinMin Kindly make some regulation. If I am sending this msg again n again, it is not good. But u r compelling me.@PMOIndia",279,unknown,0,health,Servicing & Policy Admin,Servicing & Policy Admin,Unknown,Misrepresentation / Incomplete Explanation,Anger,High,"Event: Received repeated calls for Health Insurance. Process: Sent messages repeatedly to stop calls, ICICI Lombard compelled them to send messages. Outcome: ICICI Lombard continues to disturb.",2,2,Medium
https://twitter.com/lokeshteri/status/2058050572625105078#m,"May 23, 2026",@PMOIndia @ICICILombard @FinMinIndia @TRAI @irdaindia Dear ICICI Lombard please stop disturbing me by calling again n again for Health Insurance. IRDA pls do something. FinMin Kindly make some regulation.,204,unknown,0,health,Servicing & Policy Admin,Servicing & Policy Admin,Unknown,Misrepresentation / Incomplete Explanation,Anger,High,"Event: Received repeated calls for Health Insurance. Process: Sent messages repeatedly to stop calls, ICICI Lombard compelled them to send messages. Outcome: ICICI Lombard continues to disturb.",2,2,Medium
https://twitter.com/lokeshteri/status/2058049153654301119#m,"May 23, 2026",@ICICILombard @irdaindia @TRAI @FinMinIndia Dear Icici Lombard you are disturbing me by calling again & again. For resolution you need time but start disturbing instantly. Regulator do something.,195,unknown,1,health,Servicing & Policy Admin,Servicing & Policy Admin,Unknown,Misrepresentation / Incomplete Explanation,Anger,High,"Event: Received repeated calls for Health Insurance. Process: Sent messages repeatedly to stop calls, ICICI Lombard compelled them to send messages. Outcome: ICICI Lombard continues to disturb.",2,2,Medium
https://twitter.com/sahil9515/status/2057361775100854531#m,"May 21, 2026","Dear ICICI Lombard, Pls release the payment urgently  220205025452. And.  220205043918 It's my humble request 🙏🏻🙏🏻🙏🏻🙏🏻 pls release the payment of 28854 and 30029 rs urgent",171,unknown,2,unknown,Servicing & Policy Admin,Claims Experience,Unknown,Process / Documentation Friction,Resignation,High,Event: Policyholder needs payment release. Process: Policyholder is requesting urgent payment release for two policy numbers. Outcome: Payment has not been released.,3,3,Medium
https://twitter.com/MangoMan302/status/2057272741687140536#m,"May 21, 2026",@ICICILombard MOT17620913 Claim Rejected By ICICI Lombard. Genuine Claims being rejected by giving generic response. No physical inspection and proper survey of the vehicle. Please don’t purchase policy of ICICI Lombard Broker @pb_care @policybazaar is also not helping,269,unknown,1,unknown,Claims Experience,Claims Experience,Agent / Advisor,Misrepresentation / Incomplete Explanation,Anger,High,"Event: Claim filed for vehicle. Process: Claim rejected by ICICI Lombard with a generic response, without physical inspection or proper survey. Outcome: Claim rejected.",4,2,Medium
https://twitter.com/kishoritu1434/status/2057101216631627891#m,"May 20, 2026",But No One in your team Answer for the same and I am face this situation from one month   I had buy ICICI Lombard insurance from 2023   And when I claim your team not take single responsibility of this   में सभी को अनुरोध करता हु के  अगर पाॅसिबल है तो किसी और कंपनी से खरीदे,274,unknown,2,unknown,Claims Experience,Claims Experience,Unknown,Process / Documentation Friction,Anger,High,Event: Policyholder had an insurance claim. Process: ICICI Lombard's team did not take responsibility and did not answer for one month. Outcome: Policyholder is facing this situation for one month and advises others to buy from a different company.,4,2,Medium
https://twitter.com/financeweek101/status/2057067891569422402#m,"May 20, 2026",Nifty Midcap 100 Movers Midcaps outperformed: +0.49% | A/D: 62:38 Top Gainers: 🟢 Tata Communications: +7.55% 🟢 GE Vernova T&D: +7.06% 🟢 Hitachi Energy: +7.01% Top Losers: 🔴 PI Industries: -7.51% 🔴 M&M Financial: -3.46% 🔴 ICICI Lombard: -2.57% (5/7),248,unknown,1,unknown,Servicing & Policy Admin,Policy Issuance Delay,Digital / App / Website,Process / Documentation Friction,Resignation,High,"Purchased insurance via CRED on 1st May (ICICI Lombard). Paid ₹10,247. KYC & inspection done, yet policy not issued till date. Following up since 4th May. Every time I’m told to wait 24–48 hrs. It’s now 20th May..no policy, no cancellation, no refund.",3,3,Medium
https://twitter.com/vedant_parab_/status/2057064650651660379#m,"May 20, 2026","Purchased insurance via CRED on 1st May (ICICI Lombard). Paid ₹10,247. KYC & inspection done, yet policy not issued till date.  Following up since 4th May. Every time I’m told to wait 24–48 hrs. It’s now 20th May..no policy, no cancellation, no refund. @CRED_club @CRED_support",277,unknown,3,health,Claims Experience,Cashless Claim Approval Delay,Claims / TPA,Process / Documentation Friction,Anger,High,"One of the worst experiences with ICICI Lombard cashless health insurance. Our family, including children, was discharged from the hospital but has been waiting since 9 AM for approval. Multiple follow-ups, still no resolution.",3,3,Medium
https://twitter.com/kishoritu1434/status/2056733160696938907#m,"May 19, 2026",I had claim for my car and ICICI Lombard rejecte it wrongly.  I request all kindly clear your condition and than buy insurance   If possible than pls buy insurance from responsible company who is care for customer,213,unknown,1,car/unknown,Claims Experience,Claims Rejection,Claims / TPA,Process / Documentation Friction,Anger,High,Event: Car claim. Process: Claim filed with ICICI Lombard. Outcome: Claim rejected wrongly. The user advises buying insurance from responsible companies.,3,3,Medium
https://twitter.com/SudipMa74319576/status/2056656705153638521#m,"May 19, 2026","Dear Icici lombard,   I am unable to understand what you have said, What payment has been stopped by you? When the issue will resolved? Already 8 days gone. What type of service is this? Please call me, I need explanation.  @jagograhakjago @nch1915 @policybazaar",262,unknown,1,unknown,Servicing & Policy Admin,Service Issue,Unknown,Communication / Language Barrier,Anger,High,"Event: Payment stopped by ICICI Lombard. Process: Customer is unable to understand the reason for the stopped payment and is seeking an explanation. Outcome: Lack of resolution and explanation after 8 days, leading to frustration.",4,4,Medium
https://twitter.com/Policygaido/status/2056592812465119509#m,"May 19, 2026",We regret hearing your corporate mediclaim system is blocking pre-post expense claims for your father's March 13-16 admission. Claim restriction errors violate IRDAI policy coverage rules. fairclaims has helped 50+ ICICI Lombard customers fight wrongful claim rejections. Let us help. DM us.,291,unknown,0,health,Claims Experience,Claims Rejection,Claims / TPA,Process / Documentation Friction,Resignation,High,"Event: Corporate mediclaim system blocking pre-post expense claims for a father's admission. Process: Claim filed with ICICI Lombard. Outcome: Claim restriction errors violating IRDAI policy rules, with fairclaims offering to help ICICI Lombard customers fight wrongful rejections.",4,4,Medium
https://twitter.com/VennaDeva/status/2056302015706439852#m,"May 18, 2026","ICICI LOMBARD charged Rs. 85000 PA to me and my wife aged around 58 and two children aged 25 around. First 5 years low charges and no claims also. Health insurance charges increasing rapidly. I stopped health Insurance. By the way, in Hyderabad with health insurance Hospital charges Rs.1,00,000 with out insurance Rs 30,000 only.",330,"Hyderabad, India",2,health,Servicing & Policy Admin,Premium Hike,Unknown,Product Design or Complexity,Resignation,Medium,Event: Health insurance policy renewal. Process: ICICI Lombard charged Rs. 85000 PA for a family of four. Outcome: Customer stopped health insurance due to rapidly increasing charges and perceived higher hospital charges with insurance.,2,1,Medium
https://twitter.com/swrn1313/status/2056266701222932856#m,"May 18, 2026","@pointperkspicks @DealsDhamaka   Hi,  I have health insurance renewal payment of 30K and Amazon Pay option is available on ICICI Lombard website.  I just want to confirm whether I can successfully pay this amount as it is above 25k.",232,unknown,1,health,Servicing & Policy Admin,Payment Inquiry,Digital / App / Website,Process / Documentation Friction,Confusion,Low,"Event: Health insurance renewal payment. Process: Customer inquired about making a payment of 30K via Amazon Pay on the ICICI Lombard website, specifically if it was possible for amounts above 25k. Outcome: Implicitly seeking confirmation for successful payment processing.",3,4,Medium
https://twitter.com/Parvezk46315209/status/2056238510013915544#m,"May 18, 2026",Yes recently did a payment of 45k on icici Lombard. It charges around 1-1.2% extra.,83,unknown,0,health,Servicing & Policy Admin,Payment Processing,Digital / App / Website,Process / Documentation Friction,Resignation,Low,Event: Made a payment. Process: Paid 45k on ICICI Lombard. Outcome: Experienced an extra charge of around 1-1.2%.,3,3,Medium
https://twitter.com/khalsa2016/status/2055325212644905040#m,"May 15, 2026",Ticket number  - 72026051527191 I haven't raised any claim on 4 Feb 2026 so please don't cancel my policy I am shocked to see this so please don't cancel I have long term relationship with ICICI Lombard,202,unknown,0,unknown,Servicing & Policy Admin,Policy Cancellation,Unknown,Process / Documentation Friction,Confusion,High,Event: Policy cancellation initiated. Process: Customer received notification of policy cancellation. Outcome: Customer is shocked and requests the policy not be cancelled due to a long-term relationship with ICICI Lombard.,3,3,Medium
https://twitter.com/a3mit/status/2055258482090422341#m,"May 15, 2026",Not sure whats the problem to share the details of settlement.a proper bill level summary. icici lombard settled my claims for Rs 3 Lakh without even seeing the original documents. I am discontinuing my 3 policies with CARE now.,228,unknown,2,unknown,Claims Experience,Claim Settlement,Claims / TPA,Process / Documentation Friction,Resignation,Medium,Event: Claim settlement. Process: ICICI Lombard settled claims for Rs 3 Lakh without seeing original documents. Outcome: The customer is discontinuing 3 policies with CARE.,2,2,Medium
https://twitter.com/Kaifkhan214/status/2055243657222168817#m,"May 15, 2026",@ICICILombard @ICICIDirectcare @ICICIBank @ICICI_Direct I would request all customers not to take ICICI Lombard insurance. It is very poor and creates a lot of problems while giving claims. Please do not choose this insurance.,226,unknown,0,unknown,Servicing & Policy Admin,Claim Handling,Unknown,Misrepresentation / Incomplete Explanation,Anger,High,Event: Customer sought insurance from ICICI Lombard. Process: Customer experienced poor claim handling and significant problems. Outcome: Customer advises others not to take ICICI Lombard insurance.,2,1,Medium
https://twitter.com/gulab_jagwani/status/2055224935325618423#m,"May 15, 2026","@ICICILombard  No response till now. Please don't ask DM, Already done. In future we avoid recommending ICICI Lombard health insurance. Your Team does not know about Assessment Year and Financial Year.",201,unknown,1,health,Servicing & Policy Admin,Claims Experience,Unknown,Communication / Language Barrier,Anger,High,"Event: No response to a query. Process: Customer contacted ICICI Lombard and asked to DM, but has already done so. Outcome: No response received, leading to regret in recommending the insurer.",3,3,Medium
https://twitter.com/Avinash09Rana/status/2055141918879973852#m,"May 15, 2026",Sir a query to upload original documents but we have only zerox and original documents are with you @ ICICI Lombard Hyderabad office,132,"Hyderabad, India",0,unknown,Servicing & Policy Admin,Process / Documentation Friction,Branch / Customer Service,Process / Documentation Friction,Confusion,Medium,"Event: Customer needs to upload original documents. Process: Customer only has xerox copies, and original documents are with ICICI Lombard Hyderabad office. Outcome: Inability to upload original documents due to their possession by the insurer.",4,4,Medium
https://twitter.com/wegro_app/status/2054919974347751893#m,"May 14, 2026","ICICI Lombard General Insurance Company Ltd will hold its 26th AGM on June 19, 2026, via VC/OAVM. The integrated annual report for FY2026 will be sent electronically to members. The Board recommended a final dividend of ₹7 per equity share, subject to member approval at the AGM. The record date for this dividend is May 29, 2026. If approved, the dividend will be paid by July 3, 2026.  📊 ICICI LOMBARD GENERAL INSURANCE COMPANY LTD | 🏷️ AGM  🌐 Details: https://www.wegro.app/mYg8Ye  ⚡️Instant stock alerts on WhatsApp - Try FREE 👉 https://www.wegro.app/go",557,unknown,0,health,Claims Experience,Claims Processing,Claims / TPA,Misrepresentation / Incomplete Explanation,Confusion,High,"Event: Policy purchase (Elevate policy). Process: ICICI Lombard initiated a Pre-Existing Disease (PED) investigation due to 'History ailment not clear'. Outcome: Investigation into kidney issues, implying potential claim denial or increased scrutiny based on pre-policy knowledge.",3,2,Medium
https://twitter.com/kishoritu1434/status/2054621867336699951#m,"May 13, 2026",Currently I had make claim in ICICI Lombard for car insurance  Claim number is MOT17528734 and ICICI Lombard rejected it  And not given proper reason for reject it,163,unknown,1,car,Claims Experience,Claims Rejection,Claims / TPA,Process / Documentation Friction,Anger,High,Currently I had make claim in ICICI Lombard for car insurance Claim number is MOT17528734 and ICICI Lombard rejected it And not given proper reason for reject it,3,2,Medium
https://twitter.com/ICICILombard/status/2054486054766354901#m,"May 13, 2026","Dear Harendra,  Thank you for contacting ICICI Lombard.  We have received your case addressed and have noted the details with regard to claim number 22xxxxxxx108.  We are reviewing the case and you can expect an update from us within next 2 working days.  We appreciate your patience and assure you of our full attention to the matter.",335,unknown,0,unknown,Servicing & Policy Admin,Claims Experience,Claims / TPA,Process / Documentation Friction,Resignation,Medium,Event: Claim filed. Process: ICICI Lombard received claim number 22xxxxxxx108 and is reviewing it. Outcome: Expecting an update within 2 working days.,3,3,Medium
https://twitter.com/mangesh8584/status/2054484835469852765#m,"May 13, 2026",Still no response or call from anyone at icici Lombard. If renewals are this much painful I am afraid what will happen for medical claim? I think I should port out...,166,unknown,2,unknown,Servicing & Policy Admin,Claims Experience,Unknown,Process / Documentation Friction,Anger,High,"Event: Renewal process. Process: No response or call from ICICI Lombard. Outcome: Customer is considering porting out due to painful renewal experience, fearing worse for medical claims.",4,2,Medium
https://twitter.com/OmPraka28211743/status/2054288040974246101#m,"May 12, 2026",Hello icici lombard team my operation schedule for admit 13/05/2026 and my surgery will done on 14/05/2026. After surgery I will file case on consumer forum and taken legal action. @MoHFW_INDIA @rashtrapatibhvn. After so many tries you give same reply,251,unknown,1,unknown,Claims Experience,Claims Experience,Unknown,Process / Documentation Friction,Anger,High,"Event: Scheduled operation for admit on 13/05/2026 and surgery on 14/05/2026. Process: Customer has tried multiple times to get a response from ICICI Lombard, receiving the same reply. Outcome: Customer plans to file a case in the consumer forum and take legal action after surgery.",5,1,Medium
https://twitter.com/anurgarg/status/2054160755268968891#m,"May 12, 2026","We declared an exisiting issue, though ICICI Lombard mentioned with waiting period but they cancelled the policy citing - Non declarataion .. very unprofessional...",164,unknown,2,unknown,Onboarding & Policy Understanding,Claims Experience,Unknown,Misrepresentation / Incomplete Explanation,Betrayal,High,"Event: Declared an existing issue. Process: ICICI Lombard mentioned a waiting period but cancelled the policy. Outcome: Policy cancelled citing 'Non declaration', which the customer finds unprofessional.",4,2,Medium
https://twitter.com/lovesunnysingh/status/2054111993402171576#m,"May 12, 2026","@ICICILombard Dear ICICI Lombard Team, I am writing to express my extreme dissatisfaction with the continuous delay and the conflicting information provided regarding my OPD reimbursement claim. Policy Number: 100042396500 Interaction ID: 9160320264637 / 924042026772.arrangeacal",279,unknown,2,unknown,Claims Experience,Claims Experience,Unknown,Process / Documentation Friction,Anger,High,Event: Submitted an OPD reimbursement claim. Process: Continuous delay and conflicting information provided by ICICI Lombard regarding claim number 100042396500 and Interaction ID 9160320264637 / 924042026772. Outcome: Extreme dissatisfaction expressed by the customer.,4,3,Medium
https://twitter.com/JEHemant/status/2054094342676185105#m,"May 12, 2026","It’s been 10 days and ICICI Lombard has neither processed my claim nor responded to my emails. In Faridabad, the entire claims staff seems to be on leave. @ICICILombard",168,Faridabad,2,unknown,Claims Experience,Claims Experience,Unknown,Process / Documentation Friction,Anger,High,Event: Submitted a claim. Process: ICICI Lombard has not processed the claim or responded to emails for 10 days. Outcome: Customer notes that claims staff in Faridabad seem to be on leave.,4,2,Medium
https://twitter.com/BunnyGadh/status/2053776835335594048#m,"May 11, 2026",@jagograhakjago @ijournal @ICICILombard @MoHFW_INDIA @AndheriLOCA @zoru75 @TheDeshBhakt @mymalishka @RBI @ICICIBank_Care @timesofindia @mid_day ICICI LOMBARD is failing time and again to renew my policy and now sitting in their office since an hour. VERY POOR SERVICE.,268,unknown,2,unknown,Servicing & Policy Admin,Policy Renewal,Branch / Customer Service,Process / Documentation Friction,Anger,Medium,"ICICI Lombard is failing to renew my policy, and I have been waiting in their office for an hour. This is very poor service.",3,3,Medium
https://twitter.com/ranadastidar/status/2053463348478648576#m,"May 10, 2026","@ICICILombard Ported my 20-year-old health insurance policy to ICICI Lombard with trust, but at the time of medical emergency you rejected my claim. This is nothing but harassment of customers mentally and financially during critical situations. Stop cheating customers.",270,unknown,0,health,Claims Experience,Claims Experience,Unknown,Misrepresentation / Incomplete Explanation,Betrayal,High,Customer ported a 20-year-old health insurance policy to ICICI Lombard and their claim was rejected during a medical emergency.,3,2,Medium
https://twitter.com/AmitMishra4All/status/2052796517040500970#m,"May 8, 2026","Never take any Policy from ICICI Lombard Insurance.They are thugs who betray u at d crunch moment and u r forced 2 pay from your pocket to be discharged from the hospital. I had the sour experience, don't be a sufferer like me as they don't care your ill-health & make most of it.",280,unknown,1,health,Claims Experience,Claims Processing,Claims / TPA,Misrepresentation / Incomplete Explanation,Betrayal,High,"Event: Hospitalization. Process: Filed a claim with ICICI Lombard. Outcome: Claim was not honored, forcing out-of-pocket payment.",3,2,Medium
https://twitter.com/SatpalBajia/status/2052752146295406728#m,"May 8, 2026","Extremely disappointing experience with ICICI Lombard as a policyholder, I expect transparency, timely communication, and basic customer support — not silence after repeated follow-ups.",185,unknown,0,unknown,Servicing & Policy Admin,Customer Support,Unknown,Process / Documentation Friction,Confusion,Medium,Event: Policyholder. Process: Repeated follow-ups for basic customer support. Outcome: Silence and lack of communication from ICICI Lombard.,4,4,Medium
https://twitter.com/DivaDevs/status/2051984163880972292#m,"May 6, 2026","@ICICILombard My family and I chose ICICI Lombard for our health insurance, but you guys have the worst customer service!  Unable to connect with your advisors, and instead I am only connected to your bot Riya instead.  As a customer it’s very frustrating!",256,unknown,1,health,Servicing & Policy Admin,Customer Service,Digital / App / Website,Communication / Language Barrier,Confusion,Medium,"Event: Chose ICICI Lombard for health insurance. Process: Unable to connect with advisors, only connected to a bot. Outcome: Customer frustration due to poor customer service.",3,3,Medium
https://twitter.com/ansh__bx/status/2051967996667863505#m,"May 6, 2026","you recommend ICICI Lombard elevate I have that , My wife diagnosed with CML on  June 25 the diagnosis was done based on the Blood test done with the free test offered in the policy , I informed them after that also asked for opd claim now on renewal also I informed them",271,unknown,2,unknown,Servicing & Policy Admin,Claims Experience,Unknown,Misrepresentation / Incomplete Explanation,Confusion,Medium,Event: Wife diagnosed with CML based on policy-offered free test. Process: Informed insurer after diagnosis and asked for OPD claim. Outcome: Informed them again during renewal.,2,2,Medium
https://twitter.com/DathuAchyuth20/status/2051965569126277413#m,"May 6, 2026","@ICICILombard  what sort if Torcher is this.  I wi get a call and when i life with in 1 second it gets disconnects.  I have some business with ICICI lombard, when ever i receive a call i think its representatives but this shit comes",232,unknown,0,unknown,Servicing & Policy Admin,Customer Service,Unknown,Communication / Language Barrier,Anger,High,Event: Receiving calls from ICICI Lombard. Process: Calls disconnect immediately upon answering. Outcome: Customer perceives this as harassment and is frustrated.,3,4,Medium
https://twitter.com/lalit1717/status/2051955721588363701#m,"May 6, 2026","Harassment by @ICICILombard  Patient ready to release by hospital but due to unnecessary delay by icici lombard team, patient and relatives are waiting since hours at hospital. Worst service ever. Boycott @ICICILombard",218,unknown,1,unknown,Claims Experience,Claims Processing,Claims / TPA,Process / Documentation Friction,Anger,High,Event: Patient ready for hospital release. Process: Unnecessary delay by ICICI Lombard team. Outcome: Patient and relatives waiting for hours at the hospital.,4,3,Medium
https://twitter.com/ajitgurnani/status/2051918042171679179#m,"May 6, 2026",I have submitted the originals at the customer service desk of  ICICI Lombard head office at Prabhadevi Mumbai- after speaking to the executive at the desk. He confirmed that he is couriering the originals to the office in Hyderabad. Attaching a picture of the bar code,269,"Mumbai, India",2,unknown,Servicing & Policy Admin,Process / Documentation Friction,Branch / Customer Service,Process / Documentation Friction,Confusion,Medium,Event: Submitted original documents at ICICI Lombard head office. Process: Spoke to an executive who confirmed he is couriering originals to Hyderabad office. Outcome: Attaching a picture of the bar code.,3,3,Medium
https://twitter.com/mustfarehan0786/status/2051630330084478978#m,"May 5, 2026","Posted my concern, shared details as requested—no response after that.    Claim rejected by ICICI Lombard General Insurance, and the executive refused to disclose reasons over call.    Customers deserve transparency  #ICICILombard #Insurance #CustomerRights #Accountability",273,unknown,2,unknown,Claims Experience,Claims Processing,Claims / TPA,Process / Documentation Friction,Resignation,Medium,"Claim rejected by ICICI Lombard General Insurance, and the executive refused to disclose reasons over call.",2,2,Low
https://twitter.com/shivangtwits/status/2051530806313861208#m,"May 5, 2026","@ICICILombard @ICICIDirectcare My VW car is stuck at PPS Motors, Khajaguda (Hyd) under claim MOT17564331. 10+ days, no response from ICICI Lombard surveyor. Calls unanswered from both sides. Need urgent resolution.  My daily ritual.",232,Khajaguda+Hyderabad+India,4,unknown,Claims Experience,Claims Processing,Claims / TPA,Process / Documentation Friction,Anger,High,"VW car is stuck at PPS Motors, Khajaguda (Hyd) under claim MOT17564331. 10+ days, no response from ICICI Lombard surveyor. Calls unanswered from both sides. Need urgent resolution.",4,3,High
https://twitter.com/RajaKumar947294/status/2051485679650222280#m,"May 5, 2026","You tell me, Sir—this ICICI Lombard Insurance Company is asking me for the details regarding the purchase of my policy. Where am I supposed to get them? It was your company that issued me this Airtel Payments Bank Personal Accident Insurance policy back when I opened my account.",279,unknown,0,unknown,Onboarding & Policy Understanding,Misrepresentation / Incomplete Explanation,Bank / Bancassurance,Misrepresentation / Incomplete Explanation,Confusion,Medium,ICICI Lombard Insurance Company is asking for policy purchase details for an Airtel Payments Bank Personal Accident Insurance policy that was issued when the account was opened.,2,2,Medium
https://twitter.com/MohitGu67836048/status/2050926816895066605#m,"May 3, 2026","@ICICILombard @LombardICICI @irdaindia @irdainsurance ,@PMOIndia सभी की जानकारी के लिए आप लोग ICICI Lombard से आप अपना हेल्थ इंश्योरेंस बिल्कुल भी ना करें ,ये लोग क्लेम के वक्त परेशान करते हैं, और end आपके क्लेम को रिजेक्ट करदेते हैं। मेरे साथ भी ऐसा ही हुआ है. धन्यवाद",269,unknown,1,health,Claims Experience,Claims Processing,Unknown,Process / Documentation Friction,Anger,High,Customer states that ICICI Lombard causes trouble during claims and ultimately rejects the claim. This happened to the customer.,2,2,Medium
https://twitter.com/9671125573_pk/status/2050551261276393788#m,"May 2, 2026",My final claims aproval pending 5 hour but not response your claim team claim no 126003765400 very very poor claim service icici Lombard compresion other company,161,unknown,0,health,Claims Experience,Claims Processing,Claims / TPA,Process / Documentation Friction,Anger,High,"Event: Claim filed. Process: Claim approval pending for 5 hours with no response from the claim team. Outcome: Very poor claim service, with a claim number provided, and a comparison to other companies indicating dissatisfaction.",3,3,Medium
https://twitter.com/keerthisiddeshw/status/2050516152728879272#m,"May 2, 2026","After working in the same industry for the past 4-5 years,  I wouldn’t suggest anyone apart from ICICI Lombard. They do have their own flaws, but nothing comes closer to IL in country",183,unknown,1,unknown,Onboarding & Policy Understanding,Policy Recommendation,Agent / Advisor,Misrepresentation / Incomplete Explanation,Resignation,Medium,"Event: Considering insurance renewal. Process: Evaluating ICICI Lombard based on industry experience, acknowledging flaws but considering it the best option. Outcome: A recommendation to choose ICICI Lombard despite its flaws, implying a past interaction or understanding of its services.",2,2,Medium
https://twitter.com/kcantani/status/2050459743052022078#m,"May 2, 2026",@CRED_club this people did blunder when I renew my car insurance through this app and they issued wrong policy by wrong owner name and address. Now they're saying contact icici Lombard,184,unknown,1,unknown,Servicing & Policy Admin,Policy Admin,Digital / App / Website,Process / Documentation Friction,Confusion,Medium,"Customer renewed car insurance through CRED app, CRED issued wrong policy with wrong owner name and address, and now CRED is asking customer to contact ICICI Lombard.",3,3,Medium
https://twitter.com/mundekar_roshan/status/2050162460804657152#m,"May 1, 2026","@ICICILombard This car insurance company swindles people; when the time comes to pay out, they find thousands of excuses to reject claims and deliberately cause delays. Please—no one should purchase insurance from ICICI Lombard.",228,unknown,1,unknown,Claims Experience,Claims Processing,Claims / TPA,Misrepresentation / Incomplete Explanation,Anger,High,Customer states ICICI Lombard deliberately causes delays and finds excuses to reject claims when it's time to pay out.,2,2,Medium
https://twitter.com/NIKHILLJHA/status/2050040962874044431#m,"May 1, 2026","🚨ICICI Lombard Elevate:-  Sum insured=10L Claim paid=1cr  How is this even possible?  Let's understand this unique feature in ICICI Lombard Elevate, which lets u take an unlimited claim👇",186,unknown,6,health,Claims Experience,Claims Processing,Claims / TPA,Product Design or Complexity,Confusion,High,"Customer is confused about how a sum insured of 10L can result in a claim paid of 1cr, questioning a feature in ICICI Lombard Elevate that allows unlimited claims.",4,4,Medium
https://twitter.com/Akash__Khandare/status/2049894337182601454#m,"Apr 30, 2026","Your response is factually incorrect. I am not 'Akash,' I am Lalita Dinesh Shetty. You are ignoring the fact that I was in the accident myself. You have kept me in the dark for 741 days about this balance. I have provided an official ICICI Lombard settlement as proof of hardship",279,unknown,1,unknown,Servicing & Policy Admin,Claims Experience,Unknown,Process / Documentation Friction,Confusion,High,"Customer Lalita Dinesh Shetty was in an accident, filed a claim with ICICI Lombard, and has been kept in the dark for 741 days about a balance, despite providing an official settlement as proof of hardship.",2,2,Medium
https://twitter.com/balajiworld/status/2049797065316982800#m,"Apr 30, 2026","Like @svembu says, I once returned from USA. I also bought Nexon EV.  Today I spent 6 hours in the sun because @TataMotors didn’t send roadside assistance. My insurer ICICI Lombard helped tow the vehicle. To Prerana Motors who say they’ll do nothing till Monday!",262,unknown,28,unknown,Servicing & Policy Admin,Claims Experience,Agent / Advisor,Process / Documentation Friction,Anger,High,"Customer experienced a breakdown with their Tata Motors vehicle, spent 6 hours in the sun due to lack of roadside assistance from Tata Motors, and ICICI Lombard helped tow the vehicle.",3,3,Medium
https://twitter.com/__Amar_S/status/2049764609037627584#m,"Apr 30, 2026","Can I get a call ? I would like to discuss about the pre-existing damaged with evidences , I am not asking for existing damages , if icici Lombard is still unclear about damage I am asking claim for .. I am ready to explain it again..",234,unknown,1,unknown,Servicing & Policy Admin,Claims Experience,Unknown,Misrepresentation / Incomplete Explanation,Confusion,Medium,"Customer wants to discuss pre-existing damages with evidence, clarifying they are not asking for existing damages, and is ready to explain again if ICICI Lombard is unclear about the damage they are claiming for.",3,3,Medium
https://twitter.com/balajiworld/status/2049763273516716216#m,"Apr 30, 2026",Please. It’s nearly 4 hours and the roadside assistance is yet to come. I’m getting the vehicle towed (arranged by ICICI Lombard Insurance) to my regular service center Prerana Motors now.,188,unknown,1,unknown,Servicing & Policy Admin,Claims Experience,Agent / Advisor,Process / Documentation Friction,Anger,High,"Customer has been waiting nearly 4 hours for roadside assistance, and the vehicle is being towed by ICICI Lombard Insurance to their regular service center.",3,3,Medium
https://twitter.com/MalikMoinkhan/status/2049732960308580814#m,"Apr 30, 2026","Your fucker team of icici Lombard insurance  I have been troubled for the past 6 months.every time genrate new request id But results zero, useless company useless insurance @ICICILombard @ICICIFoundation   Pl don't buy this insurance everyone worst service",257,unknown,0,unknown,Servicing & Policy Admin,Process / Documentation Friction,Unknown,Process / Documentation Friction,Anger,High,"Customer has been troubled for 6 months with ICICI Lombard, with each interaction generating a new request ID but zero results, indicating worst service.",3,2,Medium
https://twitter.com/MalikMoinkhan/status/2049731871811272850#m,"Apr 30, 2026",@ICICILombard @ICICILombard @HDFCERGOGIC @policybazaar @aajtak @AJABreaking @Reuters @ndtv @tv9gujarati @jagograhakjago @ijournal  You people are giving us false comfort here too.  Pl im suggest to all Dont buy ICICI Lombard insurance. I have been troubled for the past 6 months,278,unknown,0,unknown,Servicing & Policy Admin,Process / Documentation Friction,Unknown,Process / Documentation Friction,Betrayal,High,"Customer has been troubled for 6 months with ICICI Lombard, receiving false comfort and advising others not to buy their insurance due to worst service.",3,2,Medium
https://twitter.com/Akash__Khandare/status/2049548756635570513#m,"Apr 29, 2026",I just received a very disappointing email from Dipti Devde (Ref: !500Oq0TGTC2) Your email team completely misunderstood my proof. I did not ask for 'loan insurance.' I provided an ICICI Lombard Accident Settlement as evidence of extreme medical and financial hardship for my,275,unknown,1,unknown,Servicing & Policy Admin,Misrepresentation / Incomplete Explanation,Unknown,Misrepresentation / Incomplete Explanation,Confusion,High,"Customer received a disappointing email from ICICI Lombard's team (Ref: !500Oq0TGTC2) which misunderstood their proof, as they did not ask for 'loan insurance' but provided an ICICI Lombard Accident Settlement as evidence of hardship.",3,3,Medium
https://twitter.com/ICICILombard/status/2049481041388187956#m,"Apr 29, 2026","Dear Amardeep,    Thank you for contacting ICICI Lombard.  We have received your case claim number MOT1XXXXXXX.  We are reviewing the case, and you can expect an update from us within 4 working days.  In case you'd like to connect, you can reach us on 022-66877111, Monday to Friday, between 10 am and 7 pm.  We appreciate your patience and assure you of our full attention to the matter.",388,unknown,0,unknown,Servicing & Policy Admin,Process / Documentation Friction,Claims / TPA,Process / Documentation Friction,Resignation,Medium,"ICICI Lombard acknowledges receipt of claim number MOT1XXXXXXX and states they are reviewing the case, expecting an update within 4 working days.",4,4,Medium
https://twitter.com/a_sajo/status/2049471118197854667#m,"Apr 29, 2026","And I thought it's only me. ICICI Lombard even thinks my insurance expired in 201* (yep, actual figure, replete with a star, as per them) so I need to pay a massive premium almost at par for a new vehicle for a 16 yr old one..",226,unknown,0,unknown,Claims Experience,Claims Experience,Claims / TPA,Process / Documentation Friction,Anger,High,"Event: Vehicle accident on January 28, 2026. Process: Claim filed, documentation, surveys, and investigations completed within a month. ICICI Lombard GIC failed to provide repair approval, pressuring workshop for repairs over replacement despite damage. Outcome: Unacceptable delay and negligence in processing claim, causing personal hardship and mental agony.",4,3,Medium
https://twitter.com/ICICILombard/status/2049453433271337359#m,"Apr 29, 2026","Dear Sir,    We hope you are keeping well.   Thank you for writing to us.  Thank you for writing to us. We acknowledge receipt of your query regarding the difference in the premium amount displayed on the ICICI Lombard application.  We are reviewing the case and you can expect an update from us within 4 working days.  We understand that waiting for a resolution may not have been easy, and we truly value your patience through the process.   Thank you for giving us the opportunity to serve you.",497,unknown,0,unknown,Claims Experience,Claims Experience,Unknown,Misrepresentation / Incomplete Explanation,Anger,High,"Event: Vehicle insurance policy expired in 201*. Process: ICICI Lombard stated the insurance expired and demanded a massive premium for a 16-year-old vehicle, almost at par with a new vehicle. Outcome: Customer expresses frustration and disbelief at the premium demand.",3,2,Low
https://twitter.com/Akash__Khandare/status/2049443605027360785#m,"Apr 29, 2026",I have already sent the DM with my details and emailed the ICICI Lombard total-loss settlement proof to your Grievance Desk.I expect a 100% waiver of the unfair penal charges so I can pay the principal and close this account today @RBI @FinMinIndia @jagograhakjago @RBIsays #rbi,278,unknown,1,unknown,Claims Experience,Claims Experience,Unknown,Process / Documentation Friction,Anger,High,"Event: Vehicle was in an accident and paid for by the customer out of pocket. Process: Customer is complaining about ICICI Lombard insurance. Outcome: Customer advises others not to opt for ICICI Lombard insurance, calling it a rip-off.",4,2,Medium
https://twitter.com/mundekar_roshan/status/2049430913441034715#m,"Apr 29, 2026",Now what are you going to do? I paid the garage out of my own pocket—here is the bill. That is why I am telling everyone: do not opt ​​for ICICI Lombard insurance; it is a complete rip-off.,189,unknown,0,unknown,Claims Experience,Claims Experience,Unknown,Process / Documentation Friction,Resignation,Medium,Event: Customer sent DM with details and emailed ICICI Lombard total-loss settlement proof. Process: Customer expects a 100% waiver of unfair penal charges to pay the principal and close the account. Outcome: Customer is seeking resolution for penal charges related to a total-loss settlement.,4,3,Medium
https://twitter.com/bitco1ner/status/2048663154310455594#m,"Apr 27, 2026","Kuch bhi karna but @ICICILombard se car insurance mat lena.  I took the car insurance , these guys are very very slow to process the claim.  #ICICI #Lombard #tata @TataMotors",174,unknown,1,car,Servicing & Policy Admin,Claims Experience,Agent / Advisor,Process / Documentation Friction,Anger,High,"Took car insurance from ICICI Lombard, and they are very slow to process the claim.",3,2,Medium
https://twitter.com/amargetslost/status/2048457331353309543#m,"Apr 26, 2026","Complaint Regarding Motor Claim (MOT17365074)  Dear ICICI Lombard Team,  I am writing to raise a complaint regarding my motor insurance claim (MOT17365074), which remains unresolved despite multiple follow-ups.  My bike met with an accident on 1st March, and I filed a claim…",275,unknown,1,motor,Servicing & Policy Admin,Claims Experience,Unknown,Process / Documentation Friction,Resignation,High,"Raised a complaint regarding motor insurance claim (MOT17365074) with ICICI Lombard, which remains unresolved despite multiple follow-ups after the bike met with an accident on 1st March and a claim was filed.",3,2,Medium
https://twitter.com/tarunvaid2010/status/2048442147066786158#m,"Apr 26, 2026",@ICICILombard  i can only say ICICI Lombard service is very very poor I visited two times in their office in industrial area chandigarh nisha madan has no time to meet as i had one accidentally insurance and interested in having two more insurance but nisha ji has no time,272,chandigarh,1,unknown,Servicing & Policy Admin,Claims Experience,Agent / Advisor,Process / Documentation Friction,Anger,High,"Visited ICICI Lombard office twice in Chandigarh regarding an accidental insurance, but Nisha Madan had no time to meet, despite interest in purchasing two more insurance policies.",3,2,Medium
https://twitter.com/Sid_is_NSD/status/2048352301853892802#m,"Apr 26, 2026","GST was removed from health insurance which was 18%. ICICI Lombard took the benefit by increasing the the premium by more than 30% saying age and other factor(image). They hv done this 3 out of 4 renewal from 2023 to 2027, increment by 30%, 20k to 41k Need help @JPNadda ji 🥹🙏",276,unknown,1,health,Servicing & Policy Admin,Premium Increase,Unknown,Misrepresentation / Incomplete Explanation,Resignation,High,Event: GST removal from health insurance. Process: ICICI Lombard increased premium by over 30% citing age and other factors. Outcome: Premium increased significantly from 20k to 41k over renewals from 2023 to 2027.,3,2,Medium
